symbol,name,category,status,score,close,RSI,VOL_RATIO,MA20_BIAS,RET5,RET10,ATR_PCT,stop,target,RR,reason
1102.TW,亞洲水泥股份有限公司,TW_STOCK,BUY,114,36.35,63.7,1.45,2.5,1.96,2.54,1.64,35.6,38.22,2.5,BREAKOUT20|BREAKOUT60|ABOVE_MA20|MA20_GT_MA60|MA60_UP|RSI_OK|MACD_BULL|MACD_HIST_POS|ADX_OK|DI_PLUS|VOL_CONFIRM|STRONG_CLOSE|NO_LONG_SHADOW|LOW_CHASE|RET5_OK|60D_CONFIRM
2727.TW,王品餐飲股份有限公司,TW_STOCK,BUY,101,237.5,63.94,2.07,2.8,1.06,4.17,1.2,232.75,249.38,2.5,BREAKOUT20|ABOVE_MA20|MA20_GT_MA60|RSI_OK|MACD_BULL|MACD_HIST_POS|ADX_OK|DI_PLUS|VOL_CONFIRM|STRONG_CLOSE|NO_LONG_SHADOW|LOW_CHASE|RET5_OK
8996.TW,高力熱處理工業股份有限公司,TW_STOCK,WATCH,87,1710.0,67.19,0.3,15.91,9.27,3.32,6.12,1655.28,1846.8,2.5,BREAKOUT20|BREAKOUT60|ABOVE_MA20|MA20_GT_MA60|MA60_UP|RSI_OK|MACD_BULL|MACD_HIST_POS|ADX_OK|DI_PLUS|STRONG_CLOSE|NO_LONG_SHADOW|60D_CONFIRM
2850.TW,新光產物保險股份有限公司,TW_STOCK,WATCH,86,164.5,60.35,0.63,3.38,4.78,3.46,1.96,160.48,174.56,2.5,BREAKOUT20|ABOVE_MA20|MA20_GT_MA60|MA60_UP|RSI_OK|MACD_BULL|MACD_HIST_POS|DI_PLUS|STRONG_CLOSE|NO_LONG_SHADOW|RET5_OK
4807.TW,日成控股股份有限公司,TW_STOCK,WATCH,77,34.25,67.27,2.24,13.44,14.93,16.1,4.42,33.15,36.99,2.5,BREAKOUT20|ABOVE_MA20|RSI_OK|MACD_BULL|MACD_HIST_POS|ADX_OK|DI_PLUS|VOL_CONFIRM|STRONG_CLOSE|NO_LONG_SHADOW|FALSE_BREAKOUT_RISK
1304.TW,台灣聚合化學品股份有限公司,TW_STOCK,WATCH,75,13.15,61.97,2.24,5.28,5.62,7.35,3.06,12.73,14.2,2.5,BREAKOUT20|ABOVE_MA20|MA20_GT_MA60|RSI_OK|MACD_BULL|MACD_HIST_POS|ADX_OK|DI_PLUS|VOL_CONFIRM|FALSE_BREAKOUT_RISK
1416.TW,廣豐實業股份有限公司,TW_STOCK,WATCH,70,12.0,66.51,3.14,4.26,3.0,5.26,2.09,11.69,12.78,2.5,BREAKOUT20|ABOVE_MA20|MA20_GT_MA60|MA60_UP|RSI_OK|MACD_BULL|MACD_HIST_POS|ADX_OK|DI_PLUS|RET5_OK|FALSE_BREAKOUT_RISK
6415.TW,矽力杰股份有限公司,TW_STOCK,WATCH,63,462.5,61.76,1.86,9.01,11.99,7.56,4.38,447.7,499.5,2.5,BREAKOUT20|ABOVE_MA20|RSI_OK|MACD_BULL|MACD_HIST_POS|DI_PLUS|VOL_CONFIRM|FALSE_BREAKOUT_RISK
1720.TW,生達化學製藥股份有限公司,TW_STOCK,WATCH,61,56.9,61.72,4.14,1.43,1.43,1.61,0.89,55.76,59.75,2.5,BREAKOUT20|ABOVE_MA20|RSI_OK|MACD_BULL|MACD_HIST_POS|DI_PLUS|LOW_CHASE|RET5_OK|FALSE_BREAKOUT_RISK
3447.TW,展達通訊股份有限公司,TW_STOCK,WATCH,57,30.25,64.92,5.87,9.26,9.4,8.81,3.27,29.28,32.67,2.5,BREAKOUT20|ABOVE_MA20|RSI_OK|MACD_BULL|MACD_HIST_POS|DI_PLUS|STRONG_CLOSE|NO_LONG_SHADOW|FALSE_BREAKOUT_RISK
8442.TW,威宏控股股份有限公司,TW_STOCK,WATCH,57,48.6,68.88,6.13,5.93,6.58,5.19,2.29,47.21,52.07,2.5,BREAKOUT20|ABOVE_MA20|MA20_GT_MA60|MA60_UP|MACD_BULL|MACD_HIST_POS|DI_PLUS|FALSE_BREAKOUT_RISK
6449.TW,鈺邦科技股份有限公司,TW_STOCK,WATCH,56,271.0,69.97,4.38,21.74,17.83,28.44,5.2,262.33,292.68,2.5,BREAKOUT20|ABOVE_MA20|MACD_BULL|MACD_HIST_POS|ADX_OK|DI_PLUS|STRONG_CLOSE|NO_LONG_SHADOW|FALSE_BREAKOUT_RISK
2108.TW,南帝化學工業股份有限公司,TW_STOCK,WATCH,53,30.2,60.86,3.64,5.19,6.53,5.59,2.52,29.25,32.58,2.5,BREAKOUT20|ABOVE_MA20|MA60_UP|RSI_OK|MACD_BULL|MACD_HIST_POS|DI_PLUS|FALSE_BREAKOUT_RISK
3048.TW,益登科技股份有限公司,TW_STOCK,WATCH,49,57.0,67.7,6.74,10.13,7.95,12.87,3.1,55.18,61.56,2.5,BREAKOUT20|ABOVE_MA20|RSI_OK|MACD_BULL|MACD_HIST_POS|ADX_OK|DI_PLUS|FALSE_BREAKOUT_RISK
