代碼,名稱,市場,資產類型,訊號,綜合分數,最新收盤,量能倍數,MA20乖離%,建議買進價,建議停損價,目標獲利價,操作建議
1102,亞洲水泥股份有限公司,TWSE,TW_STOCK,🔥 BUY,88,36.35,1.45,2.5,36.35,35.28,38.49,T+1 開盤市價執行；若開盤 Gap > +2% 或 < -1.5% 則取消
1109,信大水泥股份有限公司,TWSE,TW_STOCK,⚠️ SELL (平倉/減碼),-,13.15,1.17,-1.42,-,-,-,建議觸發平倉條件，停利/平倉觀望
1225,福懋油脂股份有限公司,TWSE,TW_STOCK,⚠️ SELL (平倉/減碼),-,24.0,0.35,-1.82,-,-,-,建議觸發平倉條件，停利/平倉觀望
1233,天仁茶業股份有限公司,TWSE,TW_STOCK,⚠️ SELL (平倉/減碼),-,28.0,0.52,-0.12,-,-,-,建議觸發平倉條件，停利/平倉觀望
1294,漢田生技股份有限公司,TPEX,TW_STOCK,⚠️ SELL (平倉/減碼),-,49.65,0.95,-2.32,-,-,-,建議觸發平倉條件，停利/平倉觀望
1413,宏洲纖維工業股份有限公司,TWSE,TW_STOCK,⚠️ SELL (平倉/減碼),-,9.21,0.66,-0.47,-,-,-,建議觸發平倉條件，停利/平倉觀望
1438,三地開發地產股份有限公司,TWSE,TW_STOCK,⚠️ SELL (平倉/減碼),-,21.6,0.18,0.16,-,-,-,建議觸發平倉條件，停利/平倉觀望
1439,雋揚國際股份有限公司,TWSE,TW_STOCK,⚠️ SELL (平倉/減碼),-,28.05,1.85,-2.4,-,-,-,建議觸發平倉條件，停利/平倉觀望
1446,宏和精密紡織股份有限公司,TWSE,TW_STOCK,⚠️ SELL (平倉/減碼),-,13.35,0.33,-0.78,-,-,-,建議觸發平倉條件，停利/平倉觀望
1453,大將開發股份有限公司,TWSE,TW_STOCK,⚠️ SELL (平倉/減碼),-,10.8,1.72,-1.19,-,-,-,建議觸發平倉條件，停利/平倉觀望
1467,南緯實業股份有限公司,TWSE,TW_STOCK,⚠️ SELL (平倉/減碼),-,8.2,0.59,1.2,-,-,-,建議觸發平倉條件，停利/平倉觀望
1466,聚隆纖維股份有限公司,TWSE,TW_STOCK,⚠️ SELL (平倉/減碼),-,14.25,1.24,-3.54,-,-,-,建議觸發平倉條件，停利/平倉觀望
1468,昶和纖維興業股份有限公司,TWSE,TW_STOCK,⚠️ SELL (平倉/減碼),-,13.15,1.09,-0.49,-,-,-,建議觸發平倉條件，停利/平倉觀望
1503,士林電機廠股份有限公司,TWSE,TW_STOCK,⚠️ SELL (平倉/減碼),-,197.0,0.75,-0.53,-,-,-,建議觸發平倉條件，停利/平倉觀望
1513,中興電工機械股份有限公司,TWSE,TW_STOCK,⚠️ SELL (平倉/減碼),-,167.0,0.83,0.63,-,-,-,建議觸發平倉條件，停利/平倉觀望
1519,華城電機股份有限公司,TWSE,TW_STOCK,⚠️ SELL (平倉/減碼),-,692.0,0.99,-1.59,-,-,-,建議觸發平倉條件，停利/平倉觀望
1514,亞力電機股份有限公司,TWSE,TW_STOCK,⚠️ SELL (平倉/減碼),-,102.5,0.82,0.5,-,-,-,建議觸發平倉條件，停利/平倉觀望
1526,日馳企業股份有限公司,TWSE,TW_STOCK,⚠️ SELL (平倉/減碼),-,14.9,1.04,-0.32,-,-,-,建議觸發平倉條件，停利/平倉觀望
1533,車王電子股份有限公司,TWSE,TW_STOCK,⚠️ SELL (平倉/減碼),-,30.1,1.47,-1.12,-,-,-,建議觸發平倉條件，停利/平倉觀望
1536,和大工業股份有限公司,TWSE,TW_STOCK,⚠️ SELL (平倉/減碼),-,46.4,0.53,-0.63,-,-,-,建議觸發平倉條件，停利/平倉觀望
1570,力肯實業股份有限公司,TPEX,TW_STOCK,⚠️ SELL (平倉/減碼),-,32.65,0.52,0.41,-,-,-,建議觸發平倉條件，停利/平倉觀望
1609,大亞電線電纜股份有限公司,TWSE,TW_STOCK,⚠️ SELL (平倉/減碼),-,38.25,0.94,0.5,-,-,-,建議觸發平倉條件，停利/平倉觀望
1618,合機電線電纜股份有限公司,TWSE,TW_STOCK,⚠️ SELL (平倉/減碼),-,38.1,3.43,-1.99,-,-,-,建議觸發平倉條件，停利/平倉觀望
1709,和益化學工業股份有限公司,TWSE,TW_STOCK,⚠️ SELL (平倉/減碼),-,61.0,0.31,30.68,-,-,-,建議觸發平倉條件，停利/平倉觀望
1717,長興材料工業股份有限公司,TWSE,TW_STOCK,⚠️ SELL (平倉/減碼),-,74.4,0.87,3.01,-,-,-,建議觸發平倉條件，停利/平倉觀望
1721,國慶科技股份有限公司,TWSE,TW_STOCK,⚠️ SELL (平倉/減碼),-,27.75,1.41,12.28,-,-,-,建議觸發平倉條件，停利/平倉觀望
1735,日勝化工股份有限公司,TWSE,TW_STOCK,⚠️ SELL (平倉/減碼),-,23.2,2.17,11.14,-,-,-,建議觸發平倉條件，停利/平倉觀望
1773,勝一化工股份有限公司,TWSE,TW_STOCK,⚠️ SELL (平倉/減碼),-,175.5,1.07,5.55,-,-,-,建議觸發平倉條件，停利/平倉觀望
1785,光洋應用材料科技股份有限公司,TPEX,TW_STOCK,⚠️ SELL (平倉/減碼),-,103.5,1.15,4.37,-,-,-,建議觸發平倉條件，停利/平倉觀望
1784,訊聯生物科技股份有限公司,TPEX,TW_STOCK,⚠️ SELL (平倉/減碼),-,59.3,0.91,0.33,-,-,-,建議觸發平倉條件，停利/平倉觀望
1796,金穎生物科技股份有限公司,TPEX,TW_STOCK,⚠️ SELL (平倉/減碼),-,29.5,1.03,-0.27,-,-,-,建議觸發平倉條件，停利/平倉觀望
1809,中國製釉股份有限公司,TWSE,TW_STOCK,⚠️ SELL (平倉/減碼),-,45.45,0.37,8.69,-,-,-,建議觸發平倉條件，停利/平倉觀望
2006,東和鋼鐵企業股份有限公司,TWSE,TW_STOCK,⚠️ SELL (平倉/減碼),-,85.3,0.44,0.9,-,-,-,建議觸發平倉條件，停利/平倉觀望
2008,高興昌鋼鐵股份有限公司,TWSE,TW_STOCK,⚠️ SELL (平倉/減碼),-,30.55,0.7,-0.47,-,-,-,建議觸發平倉條件，停利/平倉觀望
2028,威致鋼鐵工業股份有限公司,TWSE,TW_STOCK,⚠️ SELL (平倉/減碼),-,16.75,0.39,3.33,-,-,-,建議觸發平倉條件，停利/平倉觀望
2029,盛餘股份有限公司,TWSE,TW_STOCK,⚠️ SELL (平倉/減碼),-,21.8,0.27,1.56,-,-,-,建議觸發平倉條件，停利/平倉觀望
2049,上銀科技股份有限公司,TWSE,TW_STOCK,⚠️ SELL (平倉/減碼),-,332.5,0.69,-1.61,-,-,-,建議觸發平倉條件，停利/平倉觀望
2248,華勝汽車電子股份有限公司,TWSE,TW_STOCK,⚠️ SELL (平倉/減碼),-,60.3,0.03,-0.6,-,-,-,建議觸發平倉條件，停利/平倉觀望
2308,台達電子工業股份有限公司,TWSE,TW_STOCK,⚠️ SELL (平倉/減碼),-,1965.0,0.44,7.32,-,-,-,建議觸發平倉條件，停利/平倉觀望
2312,金寶電子工業股份有限公司,TWSE,TW_STOCK,⚠️ SELL (平倉/減碼),-,30.65,0.75,-0.94,-,-,-,建議觸發平倉條件，停利/平倉觀望
2316,楠梓電子股份有限公司,TWSE,TW_STOCK,⚠️ SELL (平倉/減碼),-,171.0,1.52,4.97,-,-,-,建議觸發平倉條件，停利/平倉觀望
2328,廣宇科技股份有限公司,TWSE,TW_STOCK,⚠️ SELL (平倉/減碼),-,48.05,0.6,2.35,-,-,-,建議觸發平倉條件，停利/平倉觀望
2329,華泰電子股份有限公司,TWSE,TW_STOCK,⚠️ SELL (平倉/減碼),-,44.5,1.77,1.87,-,-,-,建議觸發平倉條件，停利/平倉觀望
2330,台灣積體電路製造股份有限公司,TWSE,TW_STOCK,⚠️ SELL (平倉/減碼),-,2550.0,1.06,3.04,-,-,-,建議觸發平倉條件，停利/平倉觀望
2342,台灣茂矽電子股份有限公司,TWSE,TW_STOCK,⚠️ SELL (平倉/減碼),-,49.15,0.36,10.19,-,-,-,建議觸發平倉條件，停利/平倉觀望
2344,華邦電子股份有限公司,TWSE,TW_STOCK,⚠️ SELL (平倉/減碼),-,177.0,0.85,1.48,-,-,-,建議觸發平倉條件，停利/平倉觀望
2331,精英電腦股份有限公司,TWSE,TW_STOCK,⚠️ SELL (平倉/減碼),-,18.8,0.76,-0.61,-,-,-,建議觸發平倉條件，停利/平倉觀望
2351,順德工業股份有限公司,TWSE,TW_STOCK,⚠️ SELL (平倉/減碼),-,216.0,0.39,-5.56,-,-,-,建議觸發平倉條件，停利/平倉觀望
2347,聯強國際股份有限公司,TWSE,TW_STOCK,⚠️ SELL (平倉/減碼),-,96.4,0.64,4.21,-,-,-,建議觸發平倉條件，停利/平倉觀望
2359,所羅門股份有限公司,TWSE,TW_STOCK,⚠️ SELL (平倉/減碼),-,127.0,0.88,-1.24,-,-,-,建議觸發平倉條件，停利/平倉觀望
2363,矽統科技股份有限公司,TWSE,TW_STOCK,⚠️ SELL (平倉/減碼),-,57.8,1.13,2.13,-,-,-,建議觸發平倉條件，停利/平倉觀望
2367,燿華電子股份有限公司,TWSE,TW_STOCK,⚠️ SELL (平倉/減碼),-,45.9,0.98,7.17,-,-,-,建議觸發平倉條件，停利/平倉觀望
2371,大同股份有限公司,TWSE,TW_STOCK,⚠️ SELL (平倉/減碼),-,30.4,0.44,3.63,-,-,-,建議觸發平倉條件，停利/平倉觀望
2377,微星科技股份有限公司,TWSE,TW_STOCK,⚠️ SELL (平倉/減碼),-,154.5,0.56,1.2,-,-,-,建議觸發平倉條件，停利/平倉觀望
2382,廣達電腦股份有限公司,TWSE,TW_STOCK,⚠️ SELL (平倉/減碼),-,325.5,1.33,-3.34,-,-,-,建議觸發平倉條件，停利/平倉觀望
2395,研華股份有限公司,TWSE,TW_STOCK,⚠️ SELL (平倉/減碼),-,727.0,0.75,3.29,-,-,-,建議觸發平倉條件，停利/平倉觀望
2404,漢唐集成股份有限公司,TWSE,TW_STOCK,⚠️ SELL (平倉/減碼),-,1305.0,0.58,10.8,-,-,-,建議觸發平倉條件，停利/平倉觀望
2415,錩新科技股份有限公司,TWSE,TW_STOCK,⚠️ SELL (平倉/減碼),-,28.6,1.83,3.64,-,-,-,建議觸發平倉條件，停利/平倉觀望
2421,建準電機工業股份有限公司,TWSE,TW_STOCK,⚠️ SELL (平倉/減碼),-,168.0,0.76,1.6,-,-,-,建議觸發平倉條件，停利/平倉觀望
2431,聯昌電子企業股份有限公司,TWSE,TW_STOCK,⚠️ SELL (平倉/減碼),-,10.05,0.97,-0.05,-,-,-,建議觸發平倉條件，停利/平倉觀望
2451,創見資訊股份有限公司,TWSE,TW_STOCK,⚠️ SELL (平倉/減碼),-,284.5,1.41,0.34,-,-,-,建議觸發平倉條件，停利/平倉觀望
2464,盟立自動化股份有限公司,TWSE,TW_STOCK,⚠️ SELL (平倉/減碼),-,187.0,0.52,-1.35,-,-,-,建議觸發平倉條件，停利/平倉觀望
2467,志聖工業股份有限公司,TWSE,TW_STOCK,⚠️ SELL (平倉/減碼),-,552.0,0.98,1.43,-,-,-,建議觸發平倉條件，停利/平倉觀望
2480,敦陽科技股份有限公司,TWSE,TW_STOCK,⚠️ SELL (平倉/減碼),-,165.0,0.54,2.12,-,-,-,建議觸發平倉條件，停利/平倉觀望
2481,強茂股份有限公司,TWSE,TW_STOCK,⚠️ SELL (平倉/減碼),-,172.5,0.45,2.6,-,-,-,建議觸發平倉條件，停利/平倉觀望
2485,兆赫電子股份有限公司,TWSE,TW_STOCK,⚠️ SELL (平倉/減碼),-,41.55,1.89,2.84,-,-,-,建議觸發平倉條件，停利/平倉觀望
2483,百容電子股份有限公司,TWSE,TW_STOCK,⚠️ SELL (平倉/減碼),-,38.3,0.8,12.56,-,-,-,建議觸發平倉條件，停利/平倉觀望
2497,怡利電子工業股份有限公司,TWSE,TW_STOCK,⚠️ SELL (平倉/減碼),-,44.15,0.94,0.96,-,-,-,建議觸發平倉條件，停利/平倉觀望
2537,聯上開發股份有限公司,TWSE,TW_STOCK,⚠️ SELL (平倉/減碼),-,10.95,0.4,-2.36,-,-,-,建議觸發平倉條件，停利/平倉觀望
2610,中華航空股份有限公司,TWSE,TW_STOCK,⚠️ SELL (平倉/減碼),-,20.15,0.57,-0.49,-,-,-,建議觸發平倉條件，停利/平倉觀望
2597,潤弘精密工程事業股份有限公司,TWSE,TW_STOCK,⚠️ SELL (平倉/減碼),-,164.0,0.61,-2.57,-,-,-,建議觸發平倉條件，停利/平倉觀望
2645,長榮航太科技股份有限公司,TWSE,TW_STOCK,⚠️ SELL (平倉/減碼),-,171.5,1.0,-0.68,-,-,-,建議觸發平倉條件，停利/平倉觀望
2705,六福開發股份有限公司,TWSE,TW_STOCK,⚠️ SELL (平倉/減碼),-,15.05,1.54,-1.17,-,-,-,建議觸發平倉條件，停利/平倉觀望
2727,王品餐飲股份有限公司,TWSE,TW_STOCK,🔥 BUY,94,237.5,2.07,2.8,237.5,232.4,247.7,T+1 開盤市價執行；若開盤 Gap > +2% 或 < -1.5% 則取消
2732,六角國際事業股份有限公司,TPEX,TW_STOCK,⚠️ SELL (平倉/減碼),-,63.2,0.51,0.19,-,-,-,建議觸發平倉條件，停利/平倉觀望
2881,富邦金融控股股份有限公司,TWSE,TW_STOCK,⚠️ SELL (平倉/減碼),-,153.0,0.95,0.84,-,-,-,建議觸發平倉條件，停利/平倉觀望
2885,元大金融控股股份有限公司,TWSE,TW_STOCK,⚠️ SELL (平倉/減碼),-,68.3,1.04,-1.29,-,-,-,建議觸發平倉條件，停利/平倉觀望
2884,玉山金融控股股份有限公司,TWSE,TW_STOCK,⚠️ SELL (平倉/減碼),-,45.0,0.45,-1.38,-,-,-,建議觸發平倉條件，停利/平倉觀望
2887,台新新光金融控股股份有限公司,TWSE,TW_STOCK,⚠️ SELL (平倉/減碼),-,41.0,0.92,-3.55,-,-,-,建議觸發平倉條件，停利/平倉觀望
2890,永豐金融控股股份有限公司,TWSE,TW_STOCK,⚠️ SELL (平倉/減碼),-,44.05,0.82,-0.89,-,-,-,建議觸發平倉條件，停利/平倉觀望
2891,中國信託金融控股股份有限公司,TWSE,TW_STOCK,⚠️ SELL (平倉/減碼),-,67.3,0.79,-1.88,-,-,-,建議觸發平倉條件，停利/平倉觀望
2883,凱基金融控股股份有限公司,TWSE,TW_STOCK,⚠️ SELL (平倉/減碼),-,37.55,0.99,-2.21,-,-,-,建議觸發平倉條件，停利/平倉觀望
2882,國泰金融控股股份有限公司,TWSE,TW_STOCK,⚠️ SELL (平倉/減碼),-,110.0,1.0,-1.21,-,-,-,建議觸發平倉條件，停利/平倉觀望
2947,振宇五金股份有限公司,TPEX,TW_STOCK,⚠️ SELL (平倉/減碼),-,60.2,1.35,0.67,-,-,-,建議觸發平倉條件，停利/平倉觀望
3008,大立光電股份有限公司,TWSE,TW_STOCK,⚠️ SELL (平倉/減碼),-,6660.0,0.9,4.25,-,-,-,建議觸發平倉條件，停利/平倉觀望
3014,聯陽半導體股份有限公司,TWSE,TW_STOCK,⚠️ SELL (平倉/減碼),-,145.0,1.11,4.6,-,-,-,建議觸發平倉條件，停利/平倉觀望
3016,嘉晶電子股份有限公司,TWSE,TW_STOCK,⚠️ SELL (平倉/減碼),-,183.5,0.29,27.17,-,-,-,建議觸發平倉條件，停利/平倉觀望
3021,鴻名企業股份有限公司,TWSE,TW_STOCK,⚠️ SELL (平倉/減碼),-,27.1,0.57,2.94,-,-,-,建議觸發平倉條件，停利/平倉觀望
3025,星通資訊股份有限公司,TWSE,TW_STOCK,⚠️ SELL (平倉/減碼),-,56.2,1.54,5.75,-,-,-,建議觸發平倉條件，停利/平倉觀望
3027,盛達電業股份有限公司,TWSE,TW_STOCK,⚠️ SELL (平倉/減碼),-,19.1,0.9,3.64,-,-,-,建議觸發平倉條件，停利/平倉觀望
3031,佰鴻工業股份有限公司,TWSE,TW_STOCK,⚠️ SELL (平倉/減碼),-,33.2,1.11,15.99,-,-,-,建議觸發平倉條件，停利/平倉觀望
3037,欣興電子股份有限公司,TWSE,TW_STOCK,⚠️ SELL (平倉/減碼),-,1270.0,0.58,13.79,-,-,-,建議觸發平倉條件，停利/平倉觀望
3043,科風股份有限公司,TWSE,TW_STOCK,⚠️ SELL (平倉/減碼),-,20.55,0.7,0.04,-,-,-,建議觸發平倉條件，停利/平倉觀望
3047,訊舟科技股份有限公司,TWSE,TW_STOCK,⚠️ SELL (平倉/減碼),-,14.35,0.37,0.9,-,-,-,建議觸發平倉條件，停利/平倉觀望
3052,夆典科技開發股份有限公司,TWSE,TW_STOCK,⚠️ SELL (平倉/減碼),-,10.45,0.53,0.55,-,-,-,建議觸發平倉條件，停利/平倉觀望
3059,華晶科技股份有限公司,TWSE,TW_STOCK,⚠️ SELL (平倉/減碼),-,38.1,0.76,0.17,-,-,-,建議觸發平倉條件，停利/平倉觀望
3067,全域股份有限公司,TPEX,TW_STOCK,⚠️ SELL (平倉/減碼),-,16.3,5.0,-2.9,-,-,-,建議觸發平倉條件，停利/平倉觀望
3060,銘異科技股份有限公司,TWSE,TW_STOCK,⚠️ SELL (平倉/減碼),-,28.75,0.57,5.36,-,-,-,建議觸發平倉條件，停利/平倉觀望
3081,聯亞光電工業股份有限公司,TPEX,TW_STOCK,⚠️ SELL (平倉/減碼),-,2960.0,0.86,5.07,-,-,-,建議觸發平倉條件，停利/平倉觀望
3092,鴻碩精密電工股份有限公司,TWSE,TW_STOCK,⚠️ SELL (平倉/減碼),-,24.15,0.28,3.61,-,-,-,建議觸發平倉條件，停利/平倉觀望
3088,艾訊股份有限公司,TPEX,TW_STOCK,⚠️ SELL (平倉/減碼),-,132.0,0.73,2.21,-,-,-,建議觸發平倉條件，停利/平倉觀望
3105,穩懋半導體股份有限公司,TPEX,TW_STOCK,⚠️ SELL (平倉/減碼),-,581.0,0.58,13.53,-,-,-,建議觸發平倉條件，停利/平倉觀望
3122,笙泉科技股份有限公司,TPEX,TW_STOCK,⚠️ SELL (平倉/減碼),-,23.95,0.74,-0.57,-,-,-,建議觸發平倉條件，停利/平倉觀望
3138,耀登科技股份有限公司,TWSE,TW_STOCK,⚠️ SELL (平倉/減碼),-,99.6,0.34,1.69,-,-,-,建議觸發平倉條件，停利/平倉觀望
3093,台灣港建股份有限公司,TPEX,TW_STOCK,⚠️ SELL (平倉/減碼),-,46.15,0.67,2.63,-,-,-,建議觸發平倉條件，停利/平倉觀望
3149,正達國際光電股份有限公司,TWSE,TW_STOCK,⚠️ SELL (平倉/減碼),-,76.6,0.58,13.38,-,-,-,建議觸發平倉條件，停利/平倉觀望
3163,波若威科技股份有限公司,TPEX,TW_STOCK,⚠️ SELL (平倉/減碼),-,689.0,0.71,2.35,-,-,-,建議觸發平倉條件，停利/平倉觀望
3189,景碩科技股份有限公司,TWSE,TW_STOCK,⚠️ SELL (平倉/減碼),-,1075.0,0.39,16.59,-,-,-,建議觸發平倉條件，停利/平倉觀望
3284,太普高精密影像股份有限公司,TPEX,TW_STOCK,⚠️ SELL (平倉/減碼),-,21.25,1.1,5.56,-,-,-,建議觸發平倉條件，停利/平倉觀望
3297,杭特電子股份有限公司,TPEX,TW_STOCK,⚠️ SELL (平倉/減碼),-,32.55,0.5,2.28,-,-,-,建議觸發平倉條件，停利/平倉觀望
3306,鼎天國際股份有限公司,TPEX,TW_STOCK,⚠️ SELL (平倉/減碼),-,46.85,0.32,1.82,-,-,-,建議觸發平倉條件，停利/平倉觀望
3338,泰碩電子股份有限公司,TWSE,TW_STOCK,⚠️ SELL (平倉/減碼),-,68.5,1.34,1.26,-,-,-,建議觸發平倉條件，停利/平倉觀望
3356,奇偶科技股份有限公司,TWSE,TW_STOCK,⚠️ SELL (平倉/減碼),-,66.7,1.05,-1.64,-,-,-,建議觸發平倉條件，停利/平倉觀望
3372,台灣典範半導體股份有限公司,TPEX,TW_STOCK,⚠️ SELL (平倉/減碼),-,16.4,0.48,3.73,-,-,-,建議觸發平倉條件，停利/平倉觀望
3390,旭軟電子科技股份有限公司,TPEX,TW_STOCK,⚠️ SELL (平倉/減碼),-,22.2,0.71,1.01,-,-,-,建議觸發平倉條件，停利/平倉觀望
3402,漢科系統科技股份有限公司,TPEX,TW_STOCK,⚠️ SELL (平倉/減碼),-,139.5,0.71,6.71,-,-,-,建議觸發平倉條件，停利/平倉觀望
3430,奇鈦科技股份有限公司,TPEX,TW_STOCK,⚠️ SELL (平倉/減碼),-,111.0,0.31,3.23,-,-,-,建議觸發平倉條件，停利/平倉觀望
3450,聯鈞光電股份有限公司,TWSE,TW_STOCK,⚠️ SELL (平倉/減碼),-,522.0,0.58,-0.63,-,-,-,建議觸發平倉條件，停利/平倉觀望
3481,群創光電股份有限公司,TWSE,TW_STOCK,⚠️ SELL (平倉/減碼),-,51.0,0.38,1.64,-,-,-,建議觸發平倉條件，停利/平倉觀望
3484,崧騰企業股份有限公司,TPEX,TW_STOCK,⚠️ SELL (平倉/減碼),-,49.2,0.74,5.88,-,-,-,建議觸發平倉條件，停利/平倉觀望
3498,陽程科技股份有限公司,TPEX,TW_STOCK,⚠️ SELL (平倉/減碼),-,225.5,0.44,8.7,-,-,-,建議觸發平倉條件，停利/平倉觀望
3504,揚明光學股份有限公司,TWSE,TW_STOCK,⚠️ SELL (平倉/減碼),-,82.6,0.55,2.57,-,-,-,建議觸發平倉條件，停利/平倉觀望
3516,亞帝歐光電股份有限公司,TPEX,TW_STOCK,⚠️ SELL (平倉/減碼),-,26.0,0.84,1.78,-,-,-,建議觸發平倉條件，停利/平倉觀望
3526,凡甲科技股份有限公司,TPEX,TW_STOCK,⚠️ SELL (平倉/減碼),-,275.5,0.92,1.56,-,-,-,建議觸發平倉條件，停利/平倉觀望
3540,曜越科技股份有限公司,TPEX,TW_STOCK,⚠️ SELL (平倉/減碼),-,23.8,0.4,3.04,-,-,-,建議觸發平倉條件，停利/平倉觀望
3551,世禾科技股份有限公司,TPEX,TW_STOCK,⚠️ SELL (平倉/減碼),-,198.0,0.48,7.17,-,-,-,建議觸發平倉條件，停利/平倉觀望
3583,辛耘企業股份有限公司,TWSE,TW_STOCK,⚠️ SELL (平倉/減碼),-,736.0,0.7,3.79,-,-,-,建議觸發平倉條件，停利/平倉觀望
3607,谷崧精密工業股份有限公司,TWSE,TW_STOCK,⚠️ SELL (平倉/減碼),-,13.85,0.4,0.67,-,-,-,建議觸發平倉條件，停利/平倉觀望
3617,碩天科技股份有限公司,TWSE,TW_STOCK,⚠️ SELL (平倉/減碼),-,241.5,0.8,-0.47,-,-,-,建議觸發平倉條件，停利/平倉觀望
3622,洋華光電股份有限公司,TWSE,TW_STOCK,⚠️ SELL (平倉/減碼),-,46.2,1.14,0.82,-,-,-,建議觸發平倉條件，停利/平倉觀望
3630,新鉅科技股份有限公司,TPEX,TW_STOCK,⚠️ SELL (平倉/減碼),-,27.75,0.89,3.74,-,-,-,建議觸發平倉條件，停利/平倉觀望
3628,盈正豫順電子股份有限公司,TPEX,TW_STOCK,⚠️ SELL (平倉/減碼),-,71.5,0.54,-2.32,-,-,-,建議觸發平倉條件，停利/平倉觀望
3672,康聯訊科技股份有限公司,TPEX,TW_STOCK,⚠️ SELL (平倉/減碼),-,11.9,2.65,-1.57,-,-,-,建議觸發平倉條件，停利/平倉觀望
3675,德微科技股份有限公司,TPEX,TW_STOCK,⚠️ SELL (平倉/減碼),-,344.0,0.6,10.15,-,-,-,建議觸發平倉條件，停利/平倉觀望
3694,海華科技股份有限公司,TWSE,TW_STOCK,⚠️ SELL (平倉/減碼),-,51.0,1.13,1.17,-,-,-,建議觸發平倉條件，停利/平倉觀望
3702,大聯大控股股份有限公司,TWSE,TW_STOCK,⚠️ SELL (平倉/減碼),-,117.5,1.22,3.71,-,-,-,建議觸發平倉條件，停利/平倉觀望
3707,漢磊科技股份有限公司,TPEX,TW_STOCK,⚠️ SELL (平倉/減碼),-,85.9,1.44,20.79,-,-,-,建議觸發平倉條件，停利/平倉觀望
4153,鈺緯科技開發股份有限公司,TPEX,TW_STOCK,⚠️ SELL (平倉/減碼),-,30.9,2.31,-2.59,-,-,-,建議觸發平倉條件，停利/平倉觀望
4169,泰宗生物科技股份有限公司,TWSE,TW_STOCK,⚠️ SELL (平倉/減碼),-,147.5,0.94,-1.12,-,-,-,建議觸發平倉條件，停利/平倉觀望
4413,飛寶企業股份有限公司,TPEX,TW_STOCK,⚠️ SELL (平倉/減碼),-,19.85,0.97,0.21,-,-,-,建議觸發平倉條件，停利/平倉觀望
4433,興采實業股份有限公司,TPEX,TW_STOCK,⚠️ SELL (平倉/減碼),-,17.9,0.21,-1.68,-,-,-,建議觸發平倉條件，停利/平倉觀望
4549,桓達科技股份有限公司,TPEX,TW_STOCK,⚠️ SELL (平倉/減碼),-,98.0,0.42,1.24,-,-,-,建議觸發平倉條件，停利/平倉觀望
4551,智伸科技股份有限公司,TWSE,TW_STOCK,⚠️ SELL (平倉/減碼),-,184.0,0.97,9.54,-,-,-,建議觸發平倉條件，停利/平倉觀望
4555,台灣氣立股份有限公司,TWSE,TW_STOCK,⚠️ SELL (平倉/減碼),-,41.85,0.92,-0.87,-,-,-,建議觸發平倉條件，停利/平倉觀望
4566,時碩工業股份有限公司,TWSE,TW_STOCK,⚠️ SELL (平倉/減碼),-,76.0,0.95,9.32,-,-,-,建議觸發平倉條件，停利/平倉觀望
4572,駐龍精密機械股份有限公司,TWSE,TW_STOCK,⚠️ SELL (平倉/減碼),-,138.5,0.15,-1.12,-,-,-,建議觸發平倉條件，停利/平倉觀望
4580,捷流閥業股份有限公司,TPEX,TW_STOCK,⚠️ SELL (平倉/減碼),-,82.2,0.49,0.8,-,-,-,建議觸發平倉條件，停利/平倉觀望
4584,君帆工業股份有限公司,TPEX,TW_STOCK,⚠️ SELL (平倉/減碼),-,38.0,1.01,1.19,-,-,-,建議觸發平倉條件，停利/平倉觀望
4711,永純化學工業股份有限公司,TPEX,TW_STOCK,⚠️ SELL (平倉/減碼),-,17.2,4.63,3.61,-,-,-,建議觸發平倉條件，停利/平倉觀望
4722,國精化學股份有限公司,TWSE,TW_STOCK,⚠️ SELL (平倉/減碼),-,215.5,1.1,8.99,-,-,-,建議觸發平倉條件，停利/平倉觀望
4739,康普材料科技股份有限公司,TWSE,TW_STOCK,⚠️ SELL (平倉/減碼),-,87.2,0.67,6.3,-,-,-,建議觸發平倉條件，停利/平倉觀望
4749,新應材股份有限公司,TPEX,TW_STOCK,⚠️ SELL (平倉/減碼),-,759.0,1.48,1.17,-,-,-,建議觸發平倉條件，停利/平倉觀望
4764,雙鍵化工股份有限公司,TWSE,TW_STOCK,⚠️ SELL (平倉/減碼),-,199.0,1.43,-1.0,-,-,-,建議觸發平倉條件，停利/平倉觀望
4772,台灣特品化學股份有限公司,TPEX,TW_STOCK,⚠️ SELL (平倉/減碼),-,274.5,0.6,7.57,-,-,-,建議觸發平倉條件，停利/平倉觀望
4906,正文科技股份有限公司,TWSE,TW_STOCK,⚠️ SELL (平倉/減碼),-,41.8,0.69,7.86,-,-,-,建議觸發平倉條件，停利/平倉觀望
4905,台聯電訊股份有限公司,TPEX,TW_STOCK,⚠️ SELL (平倉/減碼),-,89.0,0.46,7.95,-,-,-,建議觸發平倉條件，停利/平倉觀望
4919,新唐科技股份有限公司,TWSE,TW_STOCK,⚠️ SELL (平倉/減碼),-,155.5,0.94,16.54,-,-,-,建議觸發平倉條件，停利/平倉觀望
4909,新復興微波通訊股份有限公司,TPEX,TW_STOCK,⚠️ SELL (平倉/減碼),-,37.0,0.65,4.68,-,-,-,建議觸發平倉條件，停利/平倉觀望
4931,新盛力科技股份有限公司,TPEX,TW_STOCK,⚠️ SELL (平倉/減碼),-,244.5,1.07,0.67,-,-,-,建議觸發平倉條件，停利/平倉觀望
4960,誠美材料科技股份有限公司,TWSE,TW_STOCK,⚠️ SELL (平倉/減碼),-,23.8,0.48,5.7,-,-,-,建議觸發平倉條件，停利/平倉觀望
4953,緯致科技股份有限公司,TPEX,TW_STOCK,⚠️ SELL (平倉/減碼),-,117.0,0.74,-1.18,-,-,-,建議觸發平倉條件，停利/平倉觀望
4977,眾達科技股份有限公司,TWSE,TW_STOCK,⚠️ SELL (平倉/減碼),-,172.5,0.47,0.6,-,-,-,建議觸發平倉條件，停利/平倉觀望
4979,華星光通科技股份有限公司,TPEX,TW_STOCK,⚠️ SELL (平倉/減碼),-,565.0,0.61,-1.28,-,-,-,建議觸發平倉條件，停利/平倉觀望
4991,環宇通訊半導體控股股份有限公司,TPEX,TW_STOCK,⚠️ SELL (平倉/減碼),-,511.0,0.49,6.98,-,-,-,建議觸發平倉條件，停利/平倉觀望
5202,力新國際科技股份有限公司,TPEX,TW_STOCK,⚠️ SELL (平倉/減碼),-,14.05,0.38,1.15,-,-,-,建議觸發平倉條件，停利/平倉觀望
4994,傳奇網路遊戲股份有限公司,TWSE,TW_STOCK,⚠️ SELL (平倉/減碼),-,80.5,0.53,-1.8,-,-,-,建議觸發平倉條件，停利/平倉觀望
5212,凌網科技股份有限公司,TPEX,TW_STOCK,⚠️ SELL (平倉/減碼),-,48.9,0.55,2.0,-,-,-,建議觸發平倉條件，停利/平倉觀望
5251,天鉞電子股份有限公司,TPEX,TW_STOCK,⚠️ SELL (平倉/減碼),-,29.8,0.39,1.1,-,-,-,建議觸發平倉條件，停利/平倉觀望
5287,數字科技股份有限公司,TPEX,TW_STOCK,⚠️ SELL (平倉/減碼),-,137.0,0.79,0.31,-,-,-,建議觸發平倉條件，停利/平倉觀望
5285,界霖科技股份有限公司,TWSE,TW_STOCK,⚠️ SELL (平倉/減碼),-,94.4,1.0,3.87,-,-,-,建議觸發平倉條件，停利/平倉觀望
5291,邑昇實業股份有限公司,TPEX,TW_STOCK,⚠️ SELL (平倉/減碼),-,62.2,0.89,3.63,-,-,-,建議觸發平倉條件，停利/平倉觀望
5306,桂盟國際股份有限公司,TWSE,TW_STOCK,⚠️ SELL (平倉/減碼),-,87.6,0.96,-1.29,-,-,-,建議觸發平倉條件，停利/平倉觀望
5310,天剛資訊股份有限公司,TPEX,TW_STOCK,⚠️ SELL (平倉/減碼),-,28.6,0.78,7.33,-,-,-,建議觸發平倉條件，停利/平倉觀望
5345,馥鴻建設股份有限公司,TPEX,TW_STOCK,⚠️ SELL (平倉/減碼),-,21.55,1.12,-0.27,-,-,-,建議觸發平倉條件，停利/平倉觀望
5347,世界先進積體電路股份有限公司,TPEX,TW_STOCK,⚠️ SELL (平倉/減碼),-,186.5,0.56,7.96,-,-,-,建議觸發平倉條件，停利/平倉觀望
5356,協益電子股份有限公司,TPEX,TW_STOCK,⚠️ SELL (平倉/減碼),-,25.75,1.37,-0.43,-,-,-,建議觸發平倉條件，停利/平倉觀望
5432,新門科技股份有限公司,TPEX,TW_STOCK,⚠️ SELL (平倉/減碼),-,179.5,1.81,10.92,-,-,-,建議觸發平倉條件，停利/平倉觀望
5426,振發實業股份有限公司,TPEX,TW_STOCK,⚠️ SELL (平倉/減碼),-,29.25,1.21,2.57,-,-,-,建議觸發平倉條件，停利/平倉觀望
5434,崇越科技股份有限公司,TWSE,TW_STOCK,⚠️ SELL (平倉/減碼),-,596.0,0.77,7.27,-,-,-,建議觸發平倉條件，停利/平倉觀望
5443,均豪精密工業股份有限公司,TPEX,TW_STOCK,⚠️ SELL (平倉/減碼),-,110.5,0.61,1.4,-,-,-,建議觸發平倉條件，停利/平倉觀望
5425,台灣半導體股份有限公司,TPEX,TW_STOCK,⚠️ SELL (平倉/減碼),-,100.5,0.57,5.56,-,-,-,建議觸發平倉條件，停利/平倉觀望
5465,富驊企業股份有限公司,TPEX,TW_STOCK,⚠️ SELL (平倉/減碼),-,32.75,0.36,10.94,-,-,-,建議觸發平倉條件，停利/平倉觀望
5484,慧友電子股份有限公司,TWSE,TW_STOCK,⚠️ SELL (平倉/減碼),-,38.65,0.45,-2.01,-,-,-,建議觸發平倉條件，停利/平倉觀望
5487,通泰積體電路股份有限公司,TPEX,TW_STOCK,⚠️ SELL (平倉/減碼),-,28.95,2.56,-0.91,-,-,-,建議觸發平倉條件，停利/平倉觀望
5483,中美矽晶製品股份有限公司,TPEX,TW_STOCK,⚠️ SELL (平倉/減碼),-,216.5,0.96,11.15,-,-,-,建議觸發平倉條件，停利/平倉觀望
5490,同亨科技股份有限公司,TPEX,TW_STOCK,⚠️ SELL (平倉/減碼),-,25.4,0.35,-0.3,-,-,-,建議觸發平倉條件，停利/平倉觀望
5498,凱崴電子股份有限公司,TPEX,TW_STOCK,⚠️ SELL (平倉/減碼),-,54.1,0.92,4.42,-,-,-,建議觸發平倉條件，停利/平倉觀望
5547,久舜營造股份有限公司,TPEX,TW_STOCK,⚠️ SELL (平倉/減碼),-,20.15,1.96,0.7,-,-,-,建議觸發平倉條件，停利/平倉觀望
5706,鳳凰國際旅行社股份有限公司,TWSE,TW_STOCK,⚠️ SELL (平倉/減碼),-,44.2,1.47,0.16,-,-,-,建議觸發平倉條件，停利/平倉觀望
5871,中租控股股份有限公司,TWSE,TW_STOCK,⚠️ SELL (平倉/減碼),-,105.5,0.51,-3.23,-,-,-,建議觸發平倉條件，停利/平倉觀望
5701,劍湖山世界股份有限公司,TPEX,TW_STOCK,⚠️ SELL (平倉/減碼),-,4.0,1.87,-3.56,-,-,-,建議觸發平倉條件，停利/平倉觀望
6005,群益金鼎證券股份有限公司,TWSE,TW_STOCK,⚠️ SELL (平倉/減碼),-,32.05,0.83,0.27,-,-,-,建議觸發平倉條件，停利/平倉觀望
6020,大展證券股份有限公司,TPEX,TW_STOCK,⚠️ SELL (平倉/減碼),-,20.5,0.25,-0.32,-,-,-,建議觸發平倉條件，停利/平倉觀望
6016,康和綜合證券股份有限公司,TPEX,TW_STOCK,⚠️ SELL (平倉/減碼),-,23.95,1.51,2.69,-,-,-,建議觸發平倉條件，停利/平倉觀望
6108,競國實業股份有限公司,TWSE,TW_STOCK,⚠️ SELL (平倉/減碼),-,25.6,0.75,5.94,-,-,-,建議觸發平倉條件，停利/平倉觀望
6118,建達國際股份有限公司,TPEX,TW_STOCK,⚠️ SELL (平倉/減碼),-,16.1,0.44,2.86,-,-,-,建議觸發平倉條件，停利/平倉觀望
6126,信音企業股份有限公司,TPEX,TW_STOCK,⚠️ SELL (平倉/減碼),-,31.9,0.73,3.98,-,-,-,建議觸發平倉條件，停利/平倉觀望
6128,上福全球科技股份有限公司,TWSE,TW_STOCK,⚠️ SELL (平倉/減碼),-,19.15,0.41,0.03,-,-,-,建議觸發平倉條件，停利/平倉觀望
6139,亞翔工程股份有限公司,TWSE,TW_STOCK,⚠️ SELL (平倉/減碼),-,778.0,0.65,4.72,-,-,-,建議觸發平倉條件，停利/平倉觀望
6141,柏承科技股份有限公司,TWSE,TW_STOCK,⚠️ SELL (平倉/減碼),-,51.3,0.75,0.42,-,-,-,建議觸發平倉條件，停利/平倉觀望
6151,晉倫科技股份有限公司,TPEX,TW_STOCK,⚠️ SELL (平倉/減碼),-,35.15,0.86,0.88,-,-,-,建議觸發平倉條件，停利/平倉觀望
6153,嘉聯益科技股份有限公司,TWSE,TW_STOCK,⚠️ SELL (平倉/減碼),-,17.3,1.41,-1.02,-,-,-,建議觸發平倉條件，停利/平倉觀望
6164,華興電子工業股份有限公司,TWSE,TW_STOCK,⚠️ SELL (平倉/減碼),-,13.0,0.51,6.36,-,-,-,建議觸發平倉條件，停利/平倉觀望
6166,凌華科技股份有限公司,TWSE,TW_STOCK,⚠️ SELL (平倉/減碼),-,125.0,0.8,2.02,-,-,-,建議觸發平倉條件，停利/平倉觀望
6182,合晶科技股份有限公司,TPEX,TW_STOCK,⚠️ SELL (平倉/減碼),-,129.0,0.82,8.24,-,-,-,建議觸發平倉條件，停利/平倉觀望
6185,幃翔精密股份有限公司,TPEX,TW_STOCK,⚠️ SELL (平倉/減碼),-,12.3,1.92,-1.7,-,-,-,建議觸發平倉條件，停利/平倉觀望
6201,亞弘電科技股份有限公司,TWSE,TW_STOCK,⚠️ SELL (平倉/減碼),-,44.15,0.58,-1.13,-,-,-,建議觸發平倉條件，停利/平倉觀望
6207,雷科股份有限公司,TPEX,TW_STOCK,⚠️ SELL (平倉/減碼),-,146.0,0.36,15.37,-,-,-,建議觸發平倉條件，停利/平倉觀望
6222,立軒開發建設股份有限公司,TPEX,TW_STOCK,⚠️ SELL (平倉/減碼),-,19.45,0.07,0.83,-,-,-,建議觸發平倉條件，停利/平倉觀望
6228,全譜科技股份有限公司,TPEX,TW_STOCK,⚠️ SELL (平倉/減碼),-,18.0,2.71,1.45,-,-,-,建議觸發平倉條件，停利/平倉觀望
6227,茂綸股份有限公司,TPEX,TW_STOCK,⚠️ SELL (平倉/減碼),-,138.5,0.32,3.82,-,-,-,建議觸發平倉條件，停利/平倉觀望
6234,高僑自動化科技股份有限公司,TPEX,TW_STOCK,⚠️ SELL (平倉/減碼),-,39.5,2.43,4.96,-,-,-,建議觸發平倉條件，停利/平倉觀望
6266,泰詠電子股份有限公司,TPEX,TW_STOCK,⚠️ SELL (平倉/減碼),-,26.5,0.45,4.5,-,-,-,建議觸發平倉條件，停利/平倉觀望
6269,台郡科技股份有限公司,TWSE,TW_STOCK,⚠️ SELL (平倉/減碼),-,63.6,0.67,-2.33,-,-,-,建議觸發平倉條件，停利/平倉觀望
6279,胡連精密股份有限公司,TPEX,TW_STOCK,⚠️ SELL (平倉/減碼),-,116.0,0.58,2.68,-,-,-,建議觸發平倉條件，停利/平倉觀望
6284,佳邦科技股份有限公司,TPEX,TW_STOCK,⚠️ SELL (平倉/減碼),-,78.9,0.61,2.46,-,-,-,建議觸發平倉條件，停利/平倉觀望
6290,良維科技股份有限公司,TPEX,TW_STOCK,⚠️ SELL (平倉/減碼),-,280.5,0.46,2.38,-,-,-,建議觸發平倉條件，停利/平倉觀望
6282,康舒科技股份有限公司,TWSE,TW_STOCK,⚠️ SELL (平倉/減碼),-,43.2,1.09,0.04,-,-,-,建議觸發平倉條件，停利/平倉觀望
6417,韋僑科技股份有限公司,TPEX,TW_STOCK,⚠️ SELL (平倉/減碼),-,103.5,1.73,0.41,-,-,-,建議觸發平倉條件，停利/平倉觀望
6419,京晨科技股份有限公司,TPEX,TW_STOCK,⚠️ SELL (平倉/減碼),-,158.5,1.4,2.41,-,-,-,建議觸發平倉條件，停利/平倉觀望
6451,訊芯科技控股股份有限公司,TWSE,TW_STOCK,⚠️ SELL (平倉/減碼),-,420.5,0.57,-0.14,-,-,-,建議觸發平倉條件，停利/平倉觀望
6485,點序科技股份有限公司,TPEX,TW_STOCK,⚠️ SELL (平倉/減碼),-,81.2,1.87,15.88,-,-,-,建議觸發平倉條件，停利/平倉觀望
6472,保瑞藥業股份有限公司,TWSE,TW_STOCK,⚠️ SELL (平倉/減碼),-,421.0,0.64,0.38,-,-,-,建議觸發平倉條件，停利/平倉觀望
6488,環球晶圓股份有限公司,TPEX,TW_STOCK,⚠️ SELL (平倉/減碼),-,1130.0,1.55,12.07,-,-,-,建議觸發平倉條件，停利/平倉觀望
6491,晶碩光學股份有限公司,TWSE,TW_STOCK,⚠️ SELL (平倉/減碼),-,403.0,1.07,1.16,-,-,-,建議觸發平倉條件，停利/平倉觀望
6517,保勝光學股份有限公司,TPEX,TW_STOCK,⚠️ SELL (平倉/減碼),-,66.0,1.26,2.36,-,-,-,建議觸發平倉條件，停利/平倉觀望
6525,捷敏股份有限公司,TWSE,TW_STOCK,⚠️ SELL (平倉/減碼),-,138.0,0.93,3.37,-,-,-,建議觸發平倉條件，停利/平倉觀望
6532,瑞耘科技股份有限公司,TPEX,TW_STOCK,⚠️ SELL (平倉/減碼),-,108.5,1.3,4.74,-,-,-,建議觸發平倉條件，停利/平倉觀望
6527,明達醫學科技股份有限公司,TPEX,TW_STOCK,⚠️ SELL (平倉/減碼),-,74.0,0.76,-1.37,-,-,-,建議觸發平倉條件，停利/平倉觀望
6568,宏觀微電子股份有限公司,TPEX,TW_STOCK,⚠️ SELL (平倉/減碼),-,129.0,2.58,-6.74,-,-,-,建議觸發平倉條件，停利/平倉觀望
6561,是方電訊股份有限公司,TPEX,TW_STOCK,⚠️ SELL (平倉/減碼),-,308.5,1.86,-1.3,-,-,-,建議觸發平倉條件，停利/平倉觀望
6576,逸達生物科技股份有限公司,TPEX,TW_STOCK,⚠️ SELL (平倉/減碼),-,78.2,0.36,-2.78,-,-,-,建議觸發平倉條件，停利/平倉觀望
6585,鼎基先進材料股份有限公司,TWSE,TW_STOCK,⚠️ SELL (平倉/減碼),-,99.2,4.12,-4.67,-,-,-,建議觸發平倉條件，停利/平倉觀望
6614,資拓宏宇國際股份有限公司,TWSE,TW_STOCK,⚠️ SELL (平倉/減碼),-,35.25,1.23,-0.77,-,-,-,建議觸發平倉條件，停利/平倉觀望
6654,天正國際精密機械股份有限公司,TPEX,TW_STOCK,⚠️ SELL (平倉/減碼),-,218.0,0.45,5.59,-,-,-,建議觸發平倉條件，停利/平倉觀望
6655,科定企業股份有限公司,TWSE,TW_STOCK,⚠️ SELL (平倉/減碼),-,125.5,2.47,0.74,-,-,-,建議觸發平倉條件，停利/平倉觀望
6671,三能集團控股股份有限公司,TWSE,TW_STOCK,⚠️ SELL (平倉/減碼),-,23.05,2.62,0.53,-,-,-,建議觸發平倉條件，停利/平倉觀望
6703,軒郁國際股份有限公司,TPEX,TW_STOCK,⚠️ SELL (平倉/減碼),-,99.9,0.88,-0.56,-,-,-,建議觸發平倉條件，停利/平倉觀望
6706,惠特科技股份有限公司,TWSE,TW_STOCK,⚠️ SELL (平倉/減碼),-,151.5,0.21,3.15,-,-,-,建議觸發平倉條件，停利/平倉觀望
6715,嘉基科技股份有限公司,TWSE,TW_STOCK,⚠️ SELL (平倉/減碼),-,464.0,0.6,9.5,-,-,-,建議觸發平倉條件，停利/平倉觀望
6728,上洋產業股份有限公司,TPEX,TW_STOCK,⚠️ SELL (平倉/減碼),-,108.5,0.62,0.32,-,-,-,建議觸發平倉條件，停利/平倉觀望
6732,昇佳電子股份有限公司,TPEX,TW_STOCK,⚠️ SELL (平倉/減碼),-,152.0,0.54,1.64,-,-,-,建議觸發平倉條件，停利/平倉觀望
6743,安普新股份有限公司,TWSE,TW_STOCK,⚠️ SELL (平倉/減碼),-,35.5,1.43,12.87,-,-,-,建議觸發平倉條件，停利/平倉觀望
6742,澤米科技股份有限公司,TWSE,TW_STOCK,⚠️ SELL (平倉/減碼),-,57.9,0.76,9.71,-,-,-,建議觸發平倉條件，停利/平倉觀望
6761,穩得實業股份有限公司,TPEX,TW_STOCK,⚠️ SELL (平倉/減碼),-,166.5,0.63,0.51,-,-,-,建議觸發平倉條件，停利/平倉觀望
6768,志強國際企業股份有限公司,TWSE,TW_STOCK,⚠️ SELL (平倉/減碼),-,63.8,0.71,1.51,-,-,-,建議觸發平倉條件，停利/平倉觀望
6791,虎門科技股份有限公司,TPEX,TW_STOCK,⚠️ SELL (平倉/減碼),-,99.3,1.7,-0.7,-,-,-,建議觸發平倉條件，停利/平倉觀望
6796,晉弘科技股份有限公司,TWSE,TW_STOCK,⚠️ SELL (平倉/減碼),-,56.6,0.3,6.61,-,-,-,建議觸發平倉條件，停利/平倉觀望
6805,富世達股份有限公司,TWSE,TW_STOCK,⚠️ SELL (平倉/減碼),-,2370.0,1.04,1.59,-,-,-,建議觸發平倉條件，停利/平倉觀望
6831,邁&#33834;科技股份有限公司,TWSE,TW_STOCK,⚠️ SELL (平倉/減碼),-,476.0,2.32,-7.03,-,-,-,建議觸發平倉條件，停利/平倉觀望
6821,聯寶電子股份有限公司,TPEX,TW_STOCK,⚠️ SELL (平倉/減碼),-,44.9,0.41,6.8,-,-,-,建議觸發平倉條件，停利/平倉觀望
6855,數泓科技股份有限公司,TPEX,TW_STOCK,⚠️ SELL (平倉/減碼),-,111.5,3.32,-2.45,-,-,-,建議觸發平倉條件，停利/平倉觀望
6863,Arizon RFID Technology,TWSE,TW_STOCK,⚠️ SELL (平倉/減碼),-,95.6,0.52,-0.26,-,-,-,建議觸發平倉條件，停利/平倉觀望
6856,鑫傳國際多媒體科技股份有限公司,TPEX,TW_STOCK,⚠️ SELL (平倉/減碼),-,41.05,1.69,-1.17,-,-,-,建議觸發平倉條件，停利/平倉觀望
6885,全福生物科技股份有限公司,TWSE,TW_STOCK,⚠️ SELL (平倉/減碼),-,29.6,0.52,0.59,-,-,-,建議觸發平倉條件，停利/平倉觀望
6913,鴻呈實業股份有限公司,TPEX,TW_STOCK,⚠️ SELL (平倉/減碼),-,129.5,1.36,0.54,-,-,-,建議觸發平倉條件，停利/平倉觀望
6916,華凌光電股份有限公司,TWSE,TW_STOCK,⚠️ SELL (平倉/減碼),-,18.8,0.68,1.53,-,-,-,建議觸發平倉條件，停利/平倉觀望
6914,阜爾運通股份有限公司,TWSE,TW_STOCK,⚠️ SELL (平倉/減碼),-,118.0,0.44,-1.52,-,-,-,建議觸發平倉條件，停利/平倉觀望
6929,佑全藥品股份有限公司,TPEX,TW_STOCK,⚠️ SELL (平倉/減碼),-,22.0,0.32,0.42,-,-,-,建議觸發平倉條件，停利/平倉觀望
6945,圓祥生技股份有限公司,TPEX,TW_STOCK,⚠️ SELL (平倉/減碼),-,133.0,1.26,4.94,-,-,-,建議觸發平倉條件，停利/平倉觀望
6947,台鎔科技材料股份有限公司,TWSE,TW_STOCK,⚠️ SELL (平倉/減碼),-,68.0,1.11,0.6,-,-,-,建議觸發平倉條件，停利/平倉觀望
6953,家碩科技股份有限公司,TPEX,TW_STOCK,⚠️ SELL (平倉/減碼),-,255.0,0.77,5.38,-,-,-,建議觸發平倉條件，停利/平倉觀望
6952,大武山牧場科技股份有限公司,TWSE,TW_STOCK,⚠️ SELL (平倉/減碼),-,38.95,0.78,0.28,-,-,-,建議觸發平倉條件，停利/平倉觀望
6967,汎瑋材料科技股份有限公司,TPEX,TW_STOCK,⚠️ SELL (平倉/減碼),-,71.9,0.57,6.09,-,-,-,建議觸發平倉條件，停利/平倉觀望
7610,聯友金屬科技股份有限公司,TWSE,TW_STOCK,⚠️ SELL (平倉/減碼),-,1700.0,0.92,-6.68,-,-,-,建議觸發平倉條件，停利/平倉觀望
6997,博弘雲端科技股份有限公司,TPEX,TW_STOCK,⚠️ SELL (平倉/減碼),-,66.7,1.37,-1.2,-,-,-,建議觸發平倉條件，停利/平倉觀望
7642,昶瑞機電股份有限公司,TPEX,TW_STOCK,⚠️ SELL (平倉/減碼),-,65.9,1.88,-5.6,-,-,-,建議觸發平倉條件，停利/平倉觀望
7703,銳澤實業股份有限公司,TPEX,TW_STOCK,⚠️ SELL (平倉/減碼),-,202.0,0.71,0.06,-,-,-,建議觸發平倉條件，停利/平倉觀望
7584,樂意傳播股份有限公司,TPEX,TW_STOCK,⚠️ SELL (平倉/減碼),-,28.2,0.46,0.56,-,-,-,建議觸發平倉條件，停利/平倉觀望
7717,英屬開曼群島商萊德光電(股)公司,TPEX,TW_STOCK,⚠️ SELL (平倉/減碼),-,577.0,0.4,2.61,-,-,-,建議觸發平倉條件，停利/平倉觀望
7736,虎山實業股份有限公司,TWSE,TW_STOCK,⚠️ SELL (平倉/減碼),-,70.7,1.32,1.89,-,-,-,建議觸發平倉條件，停利/平倉觀望
7744,崴寶精密科技股份有限公司,TPEX,TW_STOCK,⚠️ SELL (平倉/減碼),-,506.0,1.25,-2.41,-,-,-,建議觸發平倉條件，停利/平倉觀望
7743,金利食安科技股份有限公司,TPEX,TW_STOCK,⚠️ SELL (平倉/減碼),-,26.0,1.7,5.95,-,-,-,建議觸發平倉條件，停利/平倉觀望
7750,新代科技股份有限公司,TWSE,TW_STOCK,⚠️ SELL (平倉/減碼),-,1975.0,0.44,-0.19,-,-,-,建議觸發平倉條件，停利/平倉觀望
7782,光速火箭股份有限公司,TPEX,TW_STOCK,⚠️ SELL (平倉/減碼),-,25.1,2.3,-1.18,-,-,-,建議觸發平倉條件，停利/平倉觀望
7788,松川精密股份有限公司,TWSE,TW_STOCK,⚠️ SELL (平倉/減碼),-,305.0,1.54,1.24,-,-,-,建議觸發平倉條件，停利/平倉觀望
7810,捷創科技股份有限公司,TPEX,TW_STOCK,⚠️ SELL (平倉/減碼),-,245.0,0.68,6.8,-,-,-,建議觸發平倉條件，停利/平倉觀望
7842,天能綠電股份有限公司,TPEX,TW_STOCK,⚠️ SELL (平倉/減碼),-,96.5,0.42,-1.56,-,-,-,建議觸發平倉條件，停利/平倉觀望
8049,晶采光電科技股份有限公司,TPEX,TW_STOCK,⚠️ SELL (平倉/減碼),-,24.45,0.52,-0.35,-,-,-,建議觸發平倉條件，停利/平倉觀望
8048,德勝科技股份有限公司,TPEX,TW_STOCK,⚠️ SELL (平倉/減碼),-,51.4,0.84,2.76,-,-,-,建議觸發平倉條件，停利/平倉觀望
8046,南亞電路板股份有限公司,TWSE,TW_STOCK,⚠️ SELL (平倉/減碼),-,1475.0,0.48,19.0,-,-,-,建議觸發平倉條件，停利/平倉觀望
8070,長華電材股份有限公司,TWSE,TW_STOCK,⚠️ SELL (平倉/減碼),-,50.5,1.29,0.74,-,-,-,建議觸發平倉條件，停利/平倉觀望
8088,品安科技股份有限公司,TPEX,TW_STOCK,⚠️ SELL (平倉/減碼),-,43.8,1.28,2.15,-,-,-,建議觸發平倉條件，停利/平倉觀望
8074,鉅橡企業股份有限公司,TPEX,TW_STOCK,⚠️ SELL (平倉/減碼),-,56.5,1.11,8.1,-,-,-,建議觸發平倉條件，停利/平倉觀望
8091,翔名科技股份有限公司,TPEX,TW_STOCK,⚠️ SELL (平倉/減碼),-,230.0,0.63,5.36,-,-,-,建議觸發平倉條件，停利/平倉觀望
8110,華東科技股份有限公司,TWSE,TW_STOCK,⚠️ SELL (平倉/減碼),-,49.25,0.48,5.31,-,-,-,建議觸發平倉條件，停利/平倉觀望
8107,大億金茂股份有限公司,TPEX,TW_STOCK,⚠️ SELL (平倉/減碼),-,11.9,0.7,-1.65,-,-,-,建議觸發平倉條件，停利/平倉觀望
8155,博智電子股份有限公司,TPEX,TW_STOCK,⚠️ SELL (平倉/減碼),-,326.5,0.68,-0.17,-,-,-,建議觸發平倉條件，停利/平倉觀望
8227,巨有科技股份有限公司,TPEX,TW_STOCK,⚠️ SELL (平倉/減碼),-,335.0,0.33,10.8,-,-,-,建議觸發平倉條件，停利/平倉觀望
8271,宇瞻科技股份有限公司,TWSE,TW_STOCK,⚠️ SELL (平倉/減碼),-,199.5,1.03,-1.95,-,-,-,建議觸發平倉條件，停利/平倉觀望
8255,朋程科技股份有限公司,TPEX,TW_STOCK,⚠️ SELL (平倉/減碼),-,150.5,0.69,5.86,-,-,-,建議觸發平倉條件，停利/平倉觀望
8358,金居開發股份有限公司,TPEX,TW_STOCK,⚠️ SELL (平倉/減碼),-,535.0,0.23,4.56,-,-,-,建議觸發平倉條件，停利/平倉觀望
8383,千附實業股份有限公司,TPEX,TW_STOCK,⚠️ SELL (平倉/減碼),-,69.0,0.75,2.63,-,-,-,建議觸發平倉條件，停利/平倉觀望
8423,保綠資源股份有限公司,TPEX,TW_STOCK,⚠️ SELL (平倉/減碼),-,17.8,0.66,-0.37,-,-,-,建議觸發平倉條件，停利/平倉觀望
8426,紅木集團有限公司,TPEX,TW_STOCK,⚠️ SELL (平倉/減碼),-,20.6,0.67,-0.06,-,-,-,建議觸發平倉條件，停利/平倉觀望
8431,匯鑽科技股份有限公司,TPEX,TW_STOCK,⚠️ SELL (平倉/減碼),-,59.6,0.88,-5.27,-,-,-,建議觸發平倉條件，停利/平倉觀望
8437,大地幼教股份有限公司,TPEX,TW_STOCK,⚠️ SELL (平倉/減碼),-,10.55,0.7,7.12,-,-,-,建議觸發平倉條件，停利/平倉觀望
8462,柏文健康事業股份有限公司,TWSE,TW_STOCK,⚠️ SELL (平倉/減碼),-,156.0,2.06,-2.18,-,-,-,建議觸發平倉條件，停利/平倉觀望
8473,山林水環境工程股份有限公司,TWSE,TW_STOCK,⚠️ SELL (平倉/減碼),-,39.8,0.61,1.8,-,-,-,建議觸發平倉條件，停利/平倉觀望
8477,創業家數位股份有限公司,TPEX,TW_STOCK,⚠️ SELL (平倉/減碼),-,13.5,3.01,-7.55,-,-,-,建議觸發平倉條件，停利/平倉觀望
8466,美吉吉國際股份有限公司,TWSE,TW_STOCK,⚠️ SELL (平倉/減碼),-,15.05,0.43,1.3,-,-,-,建議觸發平倉條件，停利/平倉觀望
9136,巨騰國際控股有限公司,TWSE,TW_STOCK,⚠️ SELL (平倉/減碼),-,9.2,0.71,-2.69,-,-,-,建議觸發平倉條件，停利/平倉觀望
9906,欣巴巴事業股份有限公司,TWSE,TW_STOCK,⚠️ SELL (平倉/減碼),-,39.15,1.13,-0.93,-,-,-,建議觸發平倉條件，停利/平倉觀望
9908,大台北區瓦斯股份有限公司,TWSE,TW_STOCK,⚠️ SELL (平倉/減碼),-,28.95,1.17,-0.15,-,-,-,建議觸發平倉條件，停利/平倉觀望
9912,偉聯科技股份有限公司,TWSE,TW_STOCK,⚠️ SELL (平倉/減碼),-,12.95,0.25,-0.21,-,-,-,建議觸發平倉條件，停利/平倉觀望
9929,秋雨創新股份有限公司,TWSE,TW_STOCK,⚠️ SELL (平倉/減碼),-,11.3,5.04,1.1,-,-,-,建議觸發平倉條件，停利/平倉觀望
9960,邁達康網路事業股份有限公司,TPEX,TW_STOCK,⚠️ SELL (平倉/減碼),-,38.45,0.21,8.86,-,-,-,建議觸發平倉條件，停利/平倉觀望
