代碼,名稱,代號,訊號,最新收盤,建議停損價,目標獲利價,停損幅度%,風報比,RSI,MA20乖離%,量能倍數,觸發原因,未過關,操作建議
2330,台積電,2330.TW,AVOID,2550.0,2470.0,2642.0,3.14,1.15,61.51,2.97,1.06,UPTREND|RSI_OK|VOL_OK,DIST_MA20|CANDLE|PULLBACK|NO_RECLAIM,⚪ AVOID（觀望）；條件未符合。
2317,鴻海,2317.TW,AVOID,249.0,243.24,255.62,2.31,1.15,46.4,-0.85,1.18,RSI_OK|VOL_OK,TREND|DIST_MA20|CANDLE|PULLBACK|NO_RECLAIM,⚪ AVOID（觀望）；條件未符合。
2454,聯發科,2454.TW,AVOID,4690.0,4539.92,4862.59,3.2,1.15,49.65,-2.99,0.94,UPTREND|RSI_OK|VOL_OK,ATR_HIGH|DIST_MA20|CANDLE|PULLBACK|NO_RECLAIM,⚪ AVOID（觀望）；條件未符合。
2308,台達電,2308.TW,AVOID,1965.0,1902.12,2037.31,3.2,1.15,58.74,7.32,0.44,RSI_OK,ATR_HIGH|TREND|DIST_MA20|VOLUME|CANDLE|PULLBACK|NO_RECLAIM,⚪ AVOID（觀望）；條件未符合。
2303,聯電,2303.TW,AVOID,147.5,142.78,152.93,3.2,1.15,51.29,-1.96,0.47,RSI_OK,ATR_HIGH|TREND|DIST_MA20|VOLUME|CANDLE|PULLBACK|NO_RECLAIM,⚪ AVOID（觀望）；條件未符合。
2881,富邦金,2881.TW,👀 WATCH,153.0,148.1,158.63,3.2,1.15,58.83,0.84,0.95,UPTREND|RSI_OK|NEAR_MA20|VOL_OK|PULLBACK_5.1,CANDLE|NO_RECLAIM,👀 WATCH（觀察）；尚未完全站回，等下一根收盤再確認。
2882,國泰金,2882.TW,AVOID,110.0,106.96,113.5,2.77,1.15,50.19,-1.21,1.0,RSI_OK|VOL_OK|PULLBACK_4.4,TREND|DIST_MA20|CANDLE|NO_RECLAIM,⚪ AVOID（觀望）；條件未符合。
2891,中信金,2891.TW,AVOID,67.3,65.71,69.13,2.36,1.15,47.02,-1.88,0.79,RSI_OK|VOL_OK|PULLBACK_3.7,TREND|DIST_MA20|CANDLE|NO_RECLAIM,⚪ AVOID（觀望）；條件未符合。
2886,兆豐金,2886.TW,AVOID,49.3,48.16,50.61,2.32,1.15,48.22,-1.81,1.08,RSI_OK|VOL_OK|PULLBACK_3.0,TREND|DIST_MA20|CANDLE|NO_RECLAIM,⚪ AVOID（觀望）；條件未符合。
2412,中華電,2412.TW,AVOID,146.5,143.0,150.53,2.39,1.15,70.25,1.68,0.81,UPTREND|VOL_OK|STRONG_CLOSE|PULLBACK_2.7,RSI|DIST_MA20|NO_RECLAIM,⚪ AVOID（觀望）；條件未符合。
1301,台塑,1301.TW,AVOID,81.3,78.7,84.29,3.2,1.15,80.17,22.04,6.22,UPTREND|STRONG_CLOSE,ATR_HIGH|RSI|DIST_MA20|VOLUME|PULLBACK|NO_RECLAIM,⚪ AVOID（觀望）；條件未符合。
1303,南亞,1303.TW,AVOID,310.0,300.08,321.41,3.2,1.15,76.71,23.4,1.01,UPTREND|VOL_OK,ATR_HIGH|RSI|DIST_MA20|CANDLE|PULLBACK|NO_RECLAIM,⚪ AVOID（觀望）；條件未符合。
2002,中鋼,2002.TW,AVOID,18.95,18.6,19.35,1.85,1.15,51.2,0.5,0.91,RSI_OK|NEAR_MA20|VOL_OK|PULLBACK_3.4,TREND|CANDLE|NO_RECLAIM,⚪ AVOID（觀望）；條件未符合。
2207,和泰車,2207.TW,AVOID,518.0,506.0,531.8,2.32,1.15,49.37,-0.68,0.89,RSI_OK|VOL_OK|PULLBACK_3.8,TREND|DIST_MA20|CANDLE|NO_RECLAIM,⚪ AVOID（觀望）；條件未符合。
2912,統一超,2912.TW,AVOID,213.0,209.17,217.41,1.8,1.15,43.4,-0.55,1.19,RSI_OK|VOL_OK|STRONG_CLOSE,TREND|DIST_MA20|PULLBACK|NO_RECLAIM,⚪ AVOID（觀望）；條件未符合。
5871,中租-KY,5871.TW,AVOID,105.5,103.58,107.71,1.82,1.15,36.41,-3.23,0.51,PULLBACK_2.8,TREND|RSI|DIST_MA20|VOLUME|CANDLE|NO_RECLAIM,⚪ AVOID（觀望）；條件未符合。
3034,聯詠,3034.TW,AVOID,531.0,514.99,549.41,3.02,1.15,45.16,-2.44,0.77,UPTREND|RSI_OK|VOL_OK|PULLBACK_5.6,DIST_MA20|CANDLE|NO_RECLAIM,⚪ AVOID（觀望）；條件未符合。
2379,瑞昱,2379.TW,AVOID,749.0,725.03,776.56,3.2,1.15,53.75,1.74,0.46,RSI_OK|STRONG_CLOSE,ATR_HIGH|TREND|DIST_MA20|VOLUME|PULLBACK|NO_RECLAIM,⚪ AVOID（觀望）；條件未符合。
6669,緯穎,6669.TW,AVOID,2240.0,2168.32,2322.43,3.2,1.15,53.95,2.29,0.67,RSI_OK,ATR_HIGH|TREND|DIST_MA20|VOLUME|CANDLE|PULLBACK|NO_RECLAIM,⚪ AVOID（觀望）；條件未符合。
3443,創意,3443.TW,AVOID,8360.0,8092.48,8667.65,3.2,1.15,67.4,12.23,0.78,UPTREND|VOL_OK,ATR_HIGH|RSI|DIST_MA20|CANDLE|PULLBACK|NO_RECLAIM,⚪ AVOID（觀望）；條件未符合。
2603,長榮,2603.TW,AVOID,232.5,226.41,239.51,2.62,1.15,46.09,-2.19,0.91,UPTREND|RSI_OK|VOL_OK|PULLBACK_5.1,DIST_MA20|CANDLE|NO_RECLAIM,⚪ AVOID（觀望）；條件未符合。
2609,陽明,2609.TW,👀 WATCH,59.7,57.95,61.72,2.94,1.15,54.05,0.2,0.68,UPTREND|RSI_OK|NEAR_MA20|PULLBACK_3.5|RECLAIM,VOLUME|CANDLE,👀 WATCH（觀察）；尚未完全站回，等下一根收盤再確認。
2615,萬海,2615.TW,AVOID,111.5,107.93,115.6,3.2,1.15,49.65,-2.09,0.57,RSI_OK|PULLBACK_5.2,ATR_HIGH|TREND|DIST_MA20|VOLUME|CANDLE|NO_RECLAIM,⚪ AVOID（觀望）；條件未符合。
3008,大立光,3008.TW,AVOID,6660.0,6446.88,6905.09,3.2,1.15,56.38,4.25,0.9,RSI_OK|VOL_OK,ATR_HIGH|TREND|DIST_MA20|CANDLE|PULLBACK|NO_RECLAIM,⚪ AVOID（觀望）；條件未符合。
3711,日月光投控,3711.TW,AVOID,744.0,720.19,771.38,3.2,1.15,70.02,10.29,1.06,UPTREND|VOL_OK|STRONG_CLOSE,ATR_HIGH|RSI|DIST_MA20|PULLBACK|NO_RECLAIM,⚪ AVOID（觀望）；條件未符合。
2357,華碩,2357.TW,AVOID,996.0,964.13,1032.65,3.2,1.15,60.65,3.52,0.76,RSI_OK|VOL_OK|PULLBACK_6.2,TREND|DIST_MA20|CANDLE|NO_RECLAIM,⚪ AVOID（觀望）；條件未符合。
2382,廣達,2382.TW,AVOID,325.5,317.15,335.11,2.57,1.15,40.66,-3.34,1.33,VOL_OK|PULLBACK_3.5,TREND|RSI|DIST_MA20|CANDLE|NO_RECLAIM,⚪ AVOID（觀望）；條件未符合。
3231,緯創,3231.TW,AVOID,188.5,182.47,195.44,3.2,1.15,54.13,1.62,1.15,RSI_OK|VOL_OK|STRONG_CLOSE|RECLAIM,ATR_HIGH|TREND|DIST_MA20|PULLBACK,⚪ AVOID（觀望）；條件未符合。
2345,智邦,2345.TW,AVOID,2070.0,2003.76,2146.18,3.2,1.15,56.16,8.16,1.07,RSI_OK|VOL_OK|STRONG_CLOSE,ATR_HIGH|TREND|DIST_MA20|PULLBACK|NO_RECLAIM,⚪ AVOID（觀望）；條件未符合。
3045,台灣大,3045.TW,AVOID,124.0,120.03,128.56,3.2,1.15,64.57,1.31,0.82,UPTREND|VOL_OK|STRONG_CLOSE|PULLBACK_4.5,RSI|DIST_MA20|NO_RECLAIM,⚪ AVOID（觀望）；條件未符合。
4904,遠傳,4904.TW,👀 WATCH,106.0,103.0,109.45,2.83,1.15,56.0,0.55,1.31,UPTREND|RSI_OK|NEAR_MA20|VOL_OK|STRONG_CLOSE|PULLBACK_3.3,NO_RECLAIM,👀 WATCH（觀察）；尚未完全站回，等下一根收盤再確認。
6505,台塑化,6505.TW,AVOID,110.5,106.96,114.57,3.2,1.15,78.26,20.78,1.41,UPTREND|VOL_OK,ATR_HIGH|RSI|DIST_MA20|CANDLE|PULLBACK|NO_RECLAIM,⚪ AVOID（觀望）；條件未符合。
1326,台化,1326.TW,AVOID,77.6,75.12,80.46,3.2,1.15,69.2,11.61,2.8,UPTREND,ATR_HIGH|RSI|DIST_MA20|VOLUME|CANDLE|PULLBACK|NO_RECLAIM,⚪ AVOID（觀望）；條件未符合。
1101,台泥,1101.TW,AVOID,25.7,24.88,26.65,3.2,1.15,58.41,3.19,0.9,UPTREND|RSI_OK|VOL_OK,DIST_MA20|CANDLE|PULLBACK|NO_RECLAIM,⚪ AVOID（觀望）；條件未符合。
9910,豐泰,9910.TW,AVOID,66.3,65.06,67.73,1.87,1.15,38.07,-2.69,0.54,PULLBACK_6.2,TREND|RSI|DIST_MA20|VOLUME|CANDLE|NO_RECLAIM,⚪ AVOID（觀望）；條件未符合。
6415,矽力*-KY,6415.TW,AVOID,462.5,447.7,479.52,3.2,1.15,61.76,9.01,1.86,RSI_OK,ATR_HIGH|TREND|DIST_MA20|VOLUME|CANDLE|PULLBACK|NO_RECLAIM,⚪ AVOID（觀望）；條件未符合。
3661,世芯-KY,3661.TW,AVOID,4345.0,4205.96,4504.9,3.2,1.15,67.09,15.39,1.78,VOL_OK,ATR_HIGH|TREND|RSI|DIST_MA20|CANDLE|PULLBACK|NO_RECLAIM,⚪ AVOID（觀望）；條件未符合。
3529,力旺,3529.TWO,AVOID,2915.0,2821.72,3022.27,3.2,1.15,50.13,-1.85,0.59,UPTREND|RSI_OK,ATR_HIGH|DIST_MA20|VOLUME|CANDLE|PULLBACK|NO_RECLAIM,⚪ AVOID（觀望）；條件未符合。
3105,穩懋,3105.TWO,AVOID,581.0,562.41,602.38,3.2,1.15,67.21,13.53,0.58,UPTREND,ATR_HIGH|RSI|DIST_MA20|VOLUME|CANDLE|PULLBACK|NO_RECLAIM,⚪ AVOID（觀望）；條件未符合。
6488,環球晶,6488.TWO,AVOID,1130.0,1093.84,1171.58,3.2,1.15,60.08,12.07,1.55,RSI_OK|VOL_OK,ATR_HIGH|TREND|DIST_MA20|CANDLE|PULLBACK|NO_RECLAIM,⚪ AVOID（觀望）；條件未符合。
