代碼,名稱,訊號,類別,策略,分數,最新收盤,建議停損價,目標獲利價,觸發原因,操作建議
1102,亞泥,🔥 BUY,個股,上市普通股,100,36.35,35.43,38.18,強勢突破20日高點且多頭排列,T+1開盤進場，若跳空開高>2.5%放棄；觸及停損價無條件執行
1108,幸福,⚠️ SELL,個股,上市普通股,35,11.1,10.91,11.49,跌破均線或RSI動能散失,T+1開盤進場，若跳空開高>2.5%放棄；觸及停損價無條件執行
1110,東泥,⚠️ SELL,個股,上市普通股,35,14.45,13.96,15.42,跌破均線或RSI動能散失,T+1開盤進場，若跳空開高>2.5%放棄；觸及停損價無條件執行
1109,信大,⚠️ SELL,個股,上市普通股,15,13.15,12.99,13.47,跌破均線或RSI動能散失,T+1開盤進場，若跳空開高>2.5%放棄；觸及停損價無條件執行
1201,味全,⚠️ SELL,個股,上市普通股,25,11.55,11.29,12.08,跌破均線或RSI動能散失,T+1開盤進場，若跳空開高>2.5%放棄；觸及停損價無條件執行
1203,味王,⚠️ SELL,個股,上市普通股,35,42.75,40.26,47.72,跌破均線或RSI動能散失,T+1開盤進場，若跳空開高>2.5%放棄；觸及停損價無條件執行
1210,大成,⚠️ SELL,個股,上市普通股,25,51.3,50.51,52.89,跌破均線或RSI動能散失,T+1開盤進場，若跳空開高>2.5%放棄；觸及停損價無條件執行
1215,卜蜂,⚠️ SELL,個股,上市普通股,30,106.5,104.09,111.32,跌破均線或RSI動能散失,T+1開盤進場，若跳空開高>2.5%放棄；觸及停損價無條件執行
1219,福壽,⚠️ SELL,個股,上市普通股,30,11.25,10.99,11.78,跌破均線或RSI動能散失,T+1開盤進場，若跳空開高>2.5%放棄；觸及停損價無條件執行
1227,佳格,⚠️ SELL,個股,上市普通股,15,27.8,27.43,28.54,跌破均線或RSI動能散失,T+1開盤進場，若跳空開高>2.5%放棄；觸及停損價無條件執行
1225,福懋油,⚠️ SELL,個股,上市普通股,25,24.0,23.13,25.75,跌破均線或RSI動能散失,T+1開盤進場，若跳空開高>2.5%放棄；觸及停損價無條件執行
1229,聯華,⚠️ SELL,個股,上市普通股,35,39.95,39.21,41.43,跌破均線或RSI動能散失,T+1開盤進場，若跳空開高>2.5%放棄；觸及停損價無條件執行
1233,天仁,⚠️ SELL,個股,上市普通股,30,28.0,27.69,28.61,跌破均線或RSI動能散失,T+1開盤進場，若跳空開高>2.5%放棄；觸及停損價無條件執行
1231,聯華食,⚠️ SELL,個股,上市普通股,20,77.9,76.8,80.11,跌破均線或RSI動能散失,T+1開盤進場，若跳空開高>2.5%放棄；觸及停損價無條件執行
1234,黑松,⚠️ SELL,個股,上市普通股,35,32.3,31.94,33.03,跌破均線或RSI動能散失,T+1開盤進場，若跳空開高>2.5%放棄；觸及停損價無條件執行
1235,興泰,⚠️ SELL,個股,上市普通股,10,31.45,28.71,36.93,跌破均線或RSI動能散失,T+1開盤進場，若跳空開高>2.5%放棄；觸及停損價無條件執行
1256,鮮活果汁-KY,⚠️ SELL,個股,上市普通股,20,167.5,164.12,174.25,跌破均線或RSI動能散失,T+1開盤進場，若跳空開高>2.5%放棄；觸及停損價無條件執行
1301,台塑,⚠️ SELL,個股,上市普通股,60,81.3,76.81,90.28,指標嚴重過熱或乖離過高,T+1開盤進場，若跳空開高>2.5%放棄；觸及停損價無條件執行
1305,華夏,👀 WATCH,個股,上市普通股,70,13.0,12.49,14.03,強勢突破20日高點且多頭排列,T+1開盤進場，若跳空開高>2.5%放棄；觸及停損價無條件執行
1303,南亞,⚠️ SELL,個股,上市普通股,50,310.0,285.36,359.29,指標嚴重過熱或乖離過高,T+1開盤進場，若跳空開高>2.5%放棄；觸及停損價無條件執行
1310,台苯,⚠️ SELL,個股,上市普通股,70,10.05,9.54,11.07,指標嚴重過熱或乖離過高,T+1開盤進場，若跳空開高>2.5%放棄；觸及停損價無條件執行
1315,達新,⚠️ SELL,個股,上市普通股,40,72.8,71.19,76.01,指標嚴重過熱或乖離過高,T+1開盤進場，若跳空開高>2.5%放棄；觸及停損價無條件執行
1324,地球,⚠️ SELL,個股,上市普通股,30,9.88,9.73,10.18,跌破均線或RSI動能散失,T+1開盤進場，若跳空開高>2.5%放棄；觸及停損價無條件執行
1326,台化,⚠️ SELL,個股,上市普通股,70,77.6,72.95,86.9,指標嚴重過熱或乖離過高,T+1開盤進場，若跳空開高>2.5%放棄；觸及停損價無條件執行
1337,再生-KY,⚠️ SELL,個股,上市普通股,20,4.4,4.29,4.61,跌破均線或RSI動能散失,T+1開盤進場，若跳空開高>2.5%放棄；觸及停損價無條件執行
1325,恆大,⚠️ SELL,個股,上市普通股,50,30.55,29.38,32.9,指標嚴重過熱或乖離過高,T+1開盤進場，若跳空開高>2.5%放棄；觸及停損價無條件執行
1410,南染,⚠️ SELL,個股,上市普通股,10,23.75,23.16,24.93,跌破均線或RSI動能散失,T+1開盤進場，若跳空開高>2.5%放棄；觸及停損價無條件執行
1413,宏洲,⚠️ SELL,個股,上市普通股,30,9.21,8.92,9.78,跌破均線或RSI動能散失,T+1開盤進場，若跳空開高>2.5%放棄；觸及停損價無條件執行
1423,利華,⚠️ SELL,個股,上市普通股,35,34.75,33.41,37.44,跌破均線或RSI動能散失,T+1開盤進場，若跳空開高>2.5%放棄；觸及停損價無條件執行
1434,福懋,⚠️ SELL,個股,上市普通股,75,19.45,18.84,20.66,指標嚴重過熱或乖離過高,T+1開盤進場，若跳空開高>2.5%放棄；觸及停損價無條件執行
1435,中福,⚠️ SELL,個股,上市普通股,35,20.5,19.01,23.48,跌破均線或RSI動能散失,T+1開盤進場，若跳空開高>2.5%放棄；觸及停損價無條件執行
1436,華友聯,⚠️ SELL,個股,上市普通股,20,36.0,34.82,38.37,跌破均線或RSI動能散失,T+1開盤進場，若跳空開高>2.5%放棄；觸及停損價無條件執行
1440,南紡,👀 WATCH,個股,上市普通股,90,14.35,13.78,15.5,強勢突破20日高點且多頭排列,T+1開盤進場，若跳空開高>2.5%放棄；觸及停損價無條件執行
1441,大東,⚠️ SELL,個股,上市普通股,15,9.6,9.39,10.02,跌破均線或RSI動能散失,T+1開盤進場，若跳空開高>2.5%放棄；觸及停損價無條件執行
1437,勤益控,⚠️ SELL,個股,上市普通股,30,31.25,30.64,32.46,跌破均線或RSI動能散失,T+1開盤進場，若跳空開高>2.5%放棄；觸及停損價無條件執行
1443,立益物流,⚠️ SELL,個股,上市普通股,40,22.55,21.79,24.07,跌破均線或RSI動能散失,T+1開盤進場，若跳空開高>2.5%放棄；觸及停損價無條件執行
1446,宏和,⚠️ SELL,個股,上市普通股,10,13.35,13.06,13.93,跌破均線或RSI動能散失,T+1開盤進場，若跳空開高>2.5%放棄；觸及停損價無條件執行
1452,宏益,⚠️ SELL,個股,上市普通股,35,10.7,10.46,11.17,跌破均線或RSI動能散失,T+1開盤進場，若跳空開高>2.5%放棄；觸及停損價無條件執行
1454,台富,⚠️ SELL,個股,上市普通股,35,12.2,11.86,12.87,跌破均線或RSI動能散失,T+1開盤進場，若跳空開高>2.5%放棄；觸及停損價無條件執行
1459,聯發,⚠️ SELL,個股,上市普通股,60,18.4,17.09,21.01,指標嚴重過熱或乖離過高,T+1開盤進場，若跳空開高>2.5%放棄；觸及停損價無條件執行
1464,得力,⚠️ SELL,個股,上市普通股,35,9.93,9.83,10.12,跌破均線或RSI動能散失,T+1開盤進場，若跳空開高>2.5%放棄；觸及停損價無條件執行
1465,偉全,⚠️ SELL,個股,上市普通股,35,11.65,11.39,12.16,跌破均線或RSI動能散失,T+1開盤進場，若跳空開高>2.5%放棄；觸及停損價無條件執行
1466,聚隆,⚠️ SELL,個股,上市普通股,20,14.25,13.72,15.3,跌破均線或RSI動能散失,T+1開盤進場，若跳空開高>2.5%放棄；觸及停損價無條件執行
1468,昶和,⚠️ SELL,個股,上市普通股,20,13.15,12.51,14.44,跌破均線或RSI動能散失,T+1開盤進場，若跳空開高>2.5%放棄；觸及停損價無條件執行
1471,首利,⚠️ SELL,個股,上市普通股,20,9.31,9.03,9.86,跌破均線或RSI動能散失,T+1開盤進場，若跳空開高>2.5%放棄；觸及停損價無條件執行
1473,台南,⚠️ SELL,個股,上市普通股,25,18.95,18.75,19.36,跌破均線或RSI動能散失,T+1開盤進場，若跳空開高>2.5%放棄；觸及停損價無條件執行
1460,宏遠,⚠️ SELL,個股,上市普通股,15,6.13,6.0,6.39,跌破均線或RSI動能散失,T+1開盤進場，若跳空開高>2.5%放棄；觸及停損價無條件執行
1475,業旺,⚠️ SELL,個股,上市普通股,25,26.0,25.26,27.48,跌破均線或RSI動能散失,T+1開盤進場，若跳空開高>2.5%放棄；觸及停損價無條件執行
1476,儒鴻,⚠️ SELL,個股,上市普通股,80,310.0,299.07,331.86,指標嚴重過熱或乖離過高,T+1開盤進場，若跳空開高>2.5%放棄；觸及停損價無條件執行
1503,士電,⚠️ SELL,個股,上市普通股,20,197.0,192.34,206.32,跌破均線或RSI動能散失,T+1開盤進場，若跳空開高>2.5%放棄；觸及停損價無條件執行
1506,正道,⚠️ SELL,個股,上市普通股,25,9.6,9.4,9.99,跌破均線或RSI動能散失,T+1開盤進場，若跳空開高>2.5%放棄；觸及停損價無條件執行
1515,力山,⚠️ SELL,個股,上市普通股,20,28.1,27.07,30.17,跌破均線或RSI動能散失,T+1開盤進場，若跳空開高>2.5%放棄；觸及停損價無條件執行
1525,江申,⚠️ SELL,個股,上市普通股,15,63.2,62.12,65.36,跌破均線或RSI動能散失,T+1開盤進場，若跳空開高>2.5%放棄；觸及停損價無條件執行
1526,日馳,⚠️ SELL,個股,上市普通股,25,14.9,14.38,15.94,跌破均線或RSI動能散失,T+1開盤進場，若跳空開高>2.5%放棄；觸及停損價無條件執行
1527,鑽全,⚠️ SELL,個股,上市普通股,25,32.45,31.99,33.36,跌破均線或RSI動能散失,T+1開盤進場，若跳空開高>2.5%放棄；觸及停損價無條件執行
1530,亞崴,⚠️ SELL,個股,上市普通股,15,26.2,25.64,27.33,跌破均線或RSI動能散失,T+1開盤進場，若跳空開高>2.5%放棄；觸及停損價無條件執行
1529,樂事綠能,⚠️ SELL,個股,上市普通股,25,15.65,14.83,17.29,跌破均線或RSI動能散失,T+1開盤進場，若跳空開高>2.5%放棄；觸及停損價無條件執行
1532,勤美,⚠️ SELL,個股,上市普通股,35,21.75,21.29,22.66,跌破均線或RSI動能散失,T+1開盤進場，若跳空開高>2.5%放棄；觸及停損價無條件執行
1533,車王電,⚠️ SELL,個股,上市普通股,35,30.1,29.37,31.56,跌破均線或RSI動能散失,T+1開盤進場，若跳空開高>2.5%放棄；觸及停損價無條件執行
1536,和大,⚠️ SELL,個股,上市普通股,20,46.4,45.54,48.11,跌破均線或RSI動能散失,T+1開盤進場，若跳空開高>2.5%放棄；觸及停損價無條件執行
1537,廣隆,⚠️ SELL,個股,上市普通股,15,114.0,112.23,117.54,跌破均線或RSI動能散失,T+1開盤進場，若跳空開高>2.5%放棄；觸及停損價無條件執行
1538,正峰,⚠️ SELL,個股,上市普通股,55,9.1,8.72,9.87,指標嚴重過熱或乖離過高,T+1開盤進場，若跳空開高>2.5%放棄；觸及停損價無條件執行
1540,喬福,⚠️ SELL,個股,上市普通股,10,18.95,18.59,19.68,跌破均線或RSI動能散失,T+1開盤進場，若跳空開高>2.5%放棄；觸及停損價無條件執行
1541,錩泰,⚠️ SELL,個股,上市普通股,35,20.5,19.99,21.53,跌破均線或RSI動能散失,T+1開盤進場，若跳空開高>2.5%放棄；觸及停損價無條件執行
1560,中砂,⚠️ SELL,個股,上市普通股,50,1010.0,946.57,1136.86,指標嚴重過熱或乖離過高,T+1開盤進場，若跳空開高>2.5%放棄；觸及停損價無條件執行
1590,亞德客-KY,⚠️ SELL,個股,上市普通股,30,1205.0,1135.36,1344.29,跌破均線或RSI動能散失,T+1開盤進場，若跳空開高>2.5%放棄；觸及停損價無條件執行
1611,中電,⚠️ SELL,個股,上市普通股,25,11.35,11.03,11.98,跌破均線或RSI動能散失,T+1開盤進場，若跳空開高>2.5%放棄；觸及停損價無條件執行
1617,榮星,⚠️ SELL,個股,上市普通股,50,24.1,21.81,28.69,指標嚴重過熱或乖離過高,T+1開盤進場，若跳空開高>2.5%放棄；觸及停損價無條件執行
1623,大東電,⚠️ SELL,個股,上市普通股,10,194.0,188.48,205.04,跌破均線或RSI動能散失,T+1開盤進場，若跳空開高>2.5%放棄；觸及停損價無條件執行
1708,東鹼,⚠️ SELL,個股,上市普通股,40,57.0,54.38,62.24,指標嚴重過熱或乖離過高,T+1開盤進場，若跳空開高>2.5%放棄；觸及停損價無條件執行
1709,和益,⚠️ SELL,個股,上市普通股,50,61.0,53.86,75.27,指標嚴重過熱或乖離過高,T+1開盤進場，若跳空開高>2.5%放棄；觸及停損價無條件執行
1710,東聯,⚠️ SELL,個股,上市普通股,90,18.1,17.05,20.2,指標嚴重過熱或乖離過高,T+1開盤進場，若跳空開高>2.5%放棄；觸及停損價無條件執行
1707,葡萄王,⚠️ SELL,個股,上市普通股,35,85.4,84.24,87.71,跌破均線或RSI動能散失,T+1開盤進場，若跳空開高>2.5%放棄；觸及停損價無條件執行
1711,永光,⚠️ SELL,個股,上市普通股,40,46.25,42.42,53.91,指標嚴重過熱或乖離過高,T+1開盤進場，若跳空開高>2.5%放棄；觸及停損價無條件執行
1714,和桐,⚠️ SELL,個股,上市普通股,55,19.95,18.57,22.7,指標嚴重過熱或乖離過高,T+1開盤進場，若跳空開高>2.5%放棄；觸及停損價無條件執行
1718,中纖,⚠️ SELL,個股,上市普通股,65,12.2,11.52,13.56,指標嚴重過熱或乖離過高,T+1開盤進場，若跳空開高>2.5%放棄；觸及停損價無條件執行
1721,國慶科技,⚠️ SELL,個股,上市普通股,55,27.75,25.3,32.65,指標嚴重過熱或乖離過高,T+1開盤進場，若跳空開高>2.5%放棄；觸及停損價無條件執行
1722,台肥,⚠️ SELL,個股,上市普通股,15,41.45,40.78,42.79,跌破均線或RSI動能散失,T+1開盤進場，若跳空開高>2.5%放棄；觸及停損價無條件執行
1726,永記,⚠️ SELL,個股,上市普通股,30,76.2,75.37,77.85,跌破均線或RSI動能散失,T+1開盤進場，若跳空開高>2.5%放棄；觸及停損價無條件執行
1731,美吾華,🔥 BUY,個股,上市普通股,85,21.05,20.81,21.53,強勢突破20日高點且多頭排列,T+1開盤進場，若跳空開高>2.5%放棄；觸及停損價無條件執行
1735,日勝化,⚠️ SELL,個股,上市普通股,55,23.2,22.01,25.58,指標嚴重過熱或乖離過高,T+1開盤進場，若跳空開高>2.5%放棄；觸及停損價無條件執行
1736,喬山,⚠️ SELL,個股,上市普通股,15,123.0,117.75,133.5,跌破均線或RSI動能散失,T+1開盤進場，若跳空開高>2.5%放棄；觸及停損價無條件執行
1737,臺鹽,⚠️ SELL,個股,上市普通股,15,30.0,29.5,31.0,跌破均線或RSI動能散失,T+1開盤進場，若跳空開高>2.5%放棄；觸及停損價無條件執行
1786,科妍,⚠️ SELL,個股,上市普通股,35,41.7,40.38,44.34,跌破均線或RSI動能散失,T+1開盤進場，若跳空開高>2.5%放棄；觸及停損價無條件執行
1802,台玻,⚠️ SELL,個股,上市普通股,50,63.9,60.01,71.68,指標嚴重過熱或乖離過高,T+1開盤進場，若跳空開高>2.5%放棄；觸及停損價無條件執行
1806,冠軍,⚠️ SELL,個股,上市普通股,30,7.92,7.78,8.19,跌破均線或RSI動能散失,T+1開盤進場，若跳空開高>2.5%放棄；觸及停損價無條件執行
1809,中釉,⚠️ SELL,個股,上市普通股,40,45.45,41.69,52.96,指標嚴重過熱或乖離過高,T+1開盤進場，若跳空開高>2.5%放棄；觸及停損價無條件執行
1810,和成,⚠️ SELL,個股,上市普通股,30,23.4,22.76,24.67,跌破均線或RSI動能散失,T+1開盤進場，若跳空開高>2.5%放棄；觸及停損價無條件執行
1905,華紙,⚠️ SELL,個股,上市普通股,25,12.8,12.4,13.6,跌破均線或RSI動能散失,T+1開盤進場，若跳空開高>2.5%放棄；觸及停損價無條件執行
1906,寶隆,⚠️ SELL,個股,上市普通股,50,10.75,10.5,11.25,跌破均線或RSI動能散失,T+1開盤進場，若跳空開高>2.5%放棄；觸及停損價無條件執行
1907,永豐餘,⚠️ SELL,個股,上市普通股,35,28.45,27.73,29.9,跌破均線或RSI動能散失,T+1開盤進場，若跳空開高>2.5%放棄；觸及停損價無條件執行
1909,榮成,⚠️ SELL,個股,上市普通股,20,10.2,9.93,10.75,跌破均線或RSI動能散失,T+1開盤進場，若跳空開高>2.5%放棄；觸及停損價無條件執行
2008,高興昌,⚠️ SELL,個股,上市普通股,25,30.55,29.83,32.0,跌破均線或RSI動能散失,T+1開盤進場，若跳空開高>2.5%放棄；觸及停損價無條件執行
2012,春雨,⚠️ SELL,個股,上市普通股,15,14.05,13.69,14.78,跌破均線或RSI動能散失,T+1開盤進場，若跳空開高>2.5%放棄；觸及停損價無條件執行
2022,聚亨,⚠️ SELL,個股,上市普通股,35,7.15,6.98,7.5,跌破均線或RSI動能散失,T+1開盤進場，若跳空開高>2.5%放棄；觸及停損價無條件執行
2024,志聯,⚠️ SELL,個股,上市普通股,15,12.85,12.49,13.57,跌破均線或RSI動能散失,T+1開盤進場，若跳空開高>2.5%放棄；觸及停損價無條件執行
2030,彰源,⚠️ SELL,個股,上市普通股,40,35.55,31.96,42.74,指標嚴重過熱或乖離過高,T+1開盤進場，若跳空開高>2.5%放棄；觸及停損價無條件執行
2033,佳大,⚠️ SELL,個股,上市普通股,45,52.2,46.55,63.49,指標嚴重過熱或乖離過高,T+1開盤進場，若跳空開高>2.5%放棄；觸及停損價無條件執行
2034,允強,⚠️ SELL,個股,上市普通股,40,24.05,22.45,27.25,指標嚴重過熱或乖離過高,T+1開盤進場，若跳空開高>2.5%放棄；觸及停損價無條件執行
2049,上銀,⚠️ SELL,個股,上市普通股,20,332.5,316.64,364.21,跌破均線或RSI動能散失,T+1開盤進場，若跳空開高>2.5%放棄；觸及停損價無條件執行
2059,川湖,⚠️ SELL,個股,上市普通股,35,10615.0,9536.07,12772.86,跌破均線或RSI動能散失,T+1開盤進場，若跳空開高>2.5%放棄；觸及停損價無條件執行
2102,泰豐,⚠️ SELL,個股,上市普通股,15,16.4,15.89,17.43,跌破均線或RSI動能散失,T+1開盤進場，若跳空開高>2.5%放棄；觸及停損價無條件執行
2107,厚生,👀 WATCH,個股,上市普通股,70,28.5,27.89,29.72,強勢突破20日高點且多頭排列,T+1開盤進場，若跳空開高>2.5%放棄；觸及停損價無條件執行
2204,中華,⚠️ SELL,個股,上市普通股,10,51.6,50.76,53.27,跌破均線或RSI動能散失,T+1開盤進場，若跳空開高>2.5%放棄；觸及停損價無條件執行
2208,台船,⚠️ SELL,個股,上市普通股,35,18.55,18.12,19.42,跌破均線或RSI動能散失,T+1開盤進場，若跳空開高>2.5%放棄；觸及停損價無條件執行
2211,長榮鋼,⚠️ SELL,個股,上市普通股,25,79.7,78.51,82.08,跌破均線或RSI動能散失,T+1開盤進場，若跳空開高>2.5%放棄；觸及停損價無條件執行
2227,裕日車,⚠️ SELL,個股,上市普通股,35,44.4,43.62,45.96,跌破均線或RSI動能散失,T+1開盤進場，若跳空開高>2.5%放棄；觸及停損價無條件執行
2228,劍麟,⚠️ SELL,個股,上市普通股,20,74.0,71.83,78.35,跌破均線或RSI動能散失,T+1開盤進場，若跳空開高>2.5%放棄；觸及停損價無條件執行
2236,百達-KY,⚠️ SELL,個股,上市普通股,25,81.6,72.33,100.14,跌破均線或RSI動能散失,T+1開盤進場，若跳空開高>2.5%放棄；觸及停損價無條件執行
2237,華德動能-創,⚠️ SELL,個股,上市普通股,40,25.1,24.49,26.32,跌破均線或RSI動能散失,T+1開盤進場，若跳空開高>2.5%放棄；觸及停損價無條件執行
2239,英利-KY,⚠️ SELL,個股,上市普通股,30,17.8,17.04,19.32,跌破均線或RSI動能散失,T+1開盤進場，若跳空開高>2.5%放棄；觸及停損價無條件執行
2241,艾姆勒,⚠️ SELL,個股,上市普通股,40,50.5,45.6,60.29,指標嚴重過熱或乖離過高,T+1開盤進場，若跳空開高>2.5%放棄；觸及停損價無條件執行
2243,宏旭-KY,⚠️ SELL,個股,上市普通股,50,59.3,54.9,68.1,指標嚴重過熱或乖離過高,T+1開盤進場，若跳空開高>2.5%放棄；觸及停損價無條件執行
2248,華勝-KY,⚠️ SELL,個股,上市普通股,20,60.3,58.7,63.49,跌破均線或RSI動能散失,T+1開盤進場，若跳空開高>2.5%放棄；觸及停損價無條件執行
2250,IKKA-KY,⚠️ SELL,個股,上市普通股,25,54.8,52.9,58.59,跌破均線或RSI動能散失,T+1開盤進場，若跳空開高>2.5%放棄；觸及停損價無條件執行
2254,巨鎧精密-創,⚠️ SELL,個股,上市普通股,55,92.3,86.63,103.64,指標嚴重過熱或乖離過高,T+1開盤進場，若跳空開高>2.5%放棄；觸及停損價無條件執行
2258,鴻華先進-創,⚠️ SELL,個股,上市普通股,20,30.55,29.38,32.89,跌破均線或RSI動能散失,T+1開盤進場，若跳空開高>2.5%放棄；觸及停損價無條件執行
2302,麗正,⚠️ SELL,個股,上市普通股,75,50.1,46.49,57.31,指標嚴重過熱或乖離過高,T+1開盤進場，若跳空開高>2.5%放棄；觸及停損價無條件執行
2305,全友,⚠️ SELL,個股,上市普通股,60,64.7,56.84,80.43,指標嚴重過熱或乖離過高,T+1開盤進場，若跳空開高>2.5%放棄；觸及停損價無條件執行
2312,金寶,⚠️ SELL,個股,上市普通股,10,30.65,29.76,32.44,跌破均線或RSI動能散失,T+1開盤進場，若跳空開高>2.5%放棄；觸及停損價無條件執行
2314,台揚,⚠️ SELL,個股,上市普通股,35,10.9,10.39,11.93,跌破均線或RSI動能散失,T+1開盤進場，若跳空開高>2.5%放棄；觸及停損價無條件執行
2321,東訊,⚠️ SELL,個股,上市普通股,25,25.6,24.43,27.95,跌破均線或RSI動能散失,T+1開盤進場，若跳空開高>2.5%放棄；觸及停損價無條件執行
2313,華通,⚠️ SELL,個股,上市普通股,50,248.0,233.86,276.29,指標嚴重過熱或乖離過高,T+1開盤進場，若跳空開高>2.5%放棄；觸及停損價無條件執行
2323,中環,⚠️ SELL,個股,上市普通股,65,12.22,11.89,12.89,指標嚴重過熱或乖離過高,T+1開盤進場，若跳空開高>2.5%放棄；觸及停損價無條件執行
2324,仁寶,⚠️ SELL,個股,上市普通股,20,35.5,34.36,37.77,跌破均線或RSI動能散失,T+1開盤進場，若跳空開高>2.5%放棄；觸及停損價無條件執行
2327,國巨*,⚠️ SELL,個股,上市普通股,40,635.0,586.04,732.93,指標嚴重過熱或乖離過高,T+1開盤進場，若跳空開高>2.5%放棄；觸及停損價無條件執行
2331,精英,⚠️ SELL,個股,上市普通股,20,18.8,18.26,19.87,跌破均線或RSI動能散失,T+1開盤進場，若跳空開高>2.5%放棄；觸及停損價無條件執行
2337,旺宏,⚠️ SELL,個股,上市普通股,25,116.0,109.57,128.86,跌破均線或RSI動能散失,T+1開盤進場，若跳空開高>2.5%放棄；觸及停損價無條件執行
2340,台亞,⚠️ SELL,個股,上市普通股,60,52.9,48.09,62.52,指標嚴重過熱或乖離過高,T+1開盤進場，若跳空開高>2.5%放棄；觸及停損價無條件執行
2342,茂矽,⚠️ SELL,個股,上市普通股,40,49.15,45.01,57.42,指標嚴重過熱或乖離過高,T+1開盤進場，若跳空開高>2.5%放棄；觸及停損價無條件執行
2345,智邦,⚠️ SELL,個股,上市普通股,50,2070.0,1925.36,2359.29,指標嚴重過熱或乖離過高,T+1開盤進場，若跳空開高>2.5%放棄；觸及停損價無條件執行
2349,錸德,⚠️ SELL,個股,上市普通股,20,10.35,10.02,11.0,跌破均線或RSI動能散失,T+1開盤進場，若跳空開高>2.5%放棄；觸及停損價無條件執行
2355,敬鵬,👀 WATCH,個股,上市普通股,90,45.2,43.71,48.18,強勢突破20日高點且多頭排列,T+1開盤進場，若跳空開高>2.5%放棄；觸及停損價無條件執行
2354,鴻準,⚠️ SELL,個股,上市普通股,25,62.0,59.38,67.25,跌破均線或RSI動能散失,T+1開盤進場，若跳空開高>2.5%放棄；觸及停損價無條件執行
2356,英業達,⚠️ SELL,個股,上市普通股,15,57.5,55.86,60.78,跌破均線或RSI動能散失,T+1開盤進場，若跳空開高>2.5%放棄；觸及停損價無條件執行
2365,昆盈,⚠️ SELL,個股,上市普通股,20,27.5,26.61,29.29,跌破均線或RSI動能散失,T+1開盤進場，若跳空開高>2.5%放棄；觸及停損價無條件執行
2359,所羅門,⚠️ SELL,個股,上市普通股,10,127.0,122.5,136.0,跌破均線或RSI動能散失,T+1開盤進場，若跳空開高>2.5%放棄；觸及停損價無條件執行
2364,倫飛,⚠️ SELL,個股,上市普通股,30,64.4,62.19,68.81,跌破均線或RSI動能散失,T+1開盤進場，若跳空開高>2.5%放棄；觸及停損價無條件執行
2368,金像電,⚠️ SELL,個股,上市普通股,60,1285.0,1170.89,1513.21,指標嚴重過熱或乖離過高,T+1開盤進場，若跳空開高>2.5%放棄；觸及停損價無條件執行
2373,震旦行,⚠️ SELL,個股,上市普通股,30,52.4,51.66,53.88,跌破均線或RSI動能散失,T+1開盤進場，若跳空開高>2.5%放棄；觸及停損價無條件執行
2374,佳能,⚠️ SELL,個股,上市普通股,20,66.2,64.74,69.11,跌破均線或RSI動能散失,T+1開盤進場，若跳空開高>2.5%放棄；觸及停損價無條件執行
2380,虹光,⚠️ SELL,個股,上市普通股,45,15.85,14.9,17.76,跌破均線或RSI動能散失,T+1開盤進場，若跳空開高>2.5%放棄；觸及停損價無條件執行
2383,台光電,⚠️ SELL,個股,上市普通股,50,6000.0,5569.82,6860.36,指標嚴重過熱或乖離過高,T+1開盤進場，若跳空開高>2.5%放棄；觸及停損價無條件執行
2387,精元,⚠️ SELL,個股,上市普通股,10,36.15,35.45,37.54,跌破均線或RSI動能散失,T+1開盤進場，若跳空開高>2.5%放棄；觸及停損價無條件執行
2385,群光,⚠️ SELL,個股,上市普通股,10,104.0,101.21,109.57,跌破均線或RSI動能散失,T+1開盤進場，若跳空開高>2.5%放棄；觸及停損價無條件執行
2388,威盛,⚠️ SELL,個股,上市普通股,20,70.9,67.62,77.46,跌破均線或RSI動能散失,T+1開盤進場，若跳空開高>2.5%放棄；觸及停損價無條件執行
2402,毅嘉,⚠️ SELL,個股,上市普通股,55,61.0,58.06,66.87,指標嚴重過熱或乖離過高,T+1開盤進場，若跳空開高>2.5%放棄；觸及停損價無條件執行
2404,漢唐,⚠️ SELL,個股,上市普通股,60,1305.0,1205.36,1504.29,指標嚴重過熱或乖離過高,T+1開盤進場，若跳空開高>2.5%放棄；觸及停損價無條件執行
2409,友達,⚠️ SELL,個股,上市普通股,50,36.6,32.91,43.98,指標嚴重過熱或乖離過高,T+1開盤進場，若跳空開高>2.5%放棄；觸及停損價無條件執行
2417,圓剛,⚠️ SELL,個股,上市普通股,20,37.5,36.57,39.35,跌破均線或RSI動能散失,T+1開盤進場，若跳空開高>2.5%放棄；觸及停損價無條件執行
2413,環科,⚠️ SELL,個股,上市普通股,40,57.2,52.85,65.9,指標嚴重過熱或乖離過高,T+1開盤進場，若跳空開高>2.5%放棄；觸及停損價無條件執行
2423,固緯,⚠️ SELL,個股,上市普通股,10,70.8,68.87,74.66,跌破均線或RSI動能散失,T+1開盤進場，若跳空開高>2.5%放棄；觸及停損價無條件執行
2424,隴華,⚠️ SELL,個股,上市普通股,80,9.79,8.96,11.44,指標嚴重過熱或乖離過高,T+1開盤進場，若跳空開高>2.5%放棄；觸及停損價無條件執行
2425,承啟,⚠️ SELL,個股,上市普通股,25,35.75,34.52,38.21,跌破均線或RSI動能散失,T+1開盤進場，若跳空開高>2.5%放棄；觸及停損價無條件執行
2430,燦坤,⚠️ SELL,個股,上市普通股,35,17.4,17.05,18.11,跌破均線或RSI動能散失,T+1開盤進場，若跳空開高>2.5%放棄；觸及停損價無條件執行
2429,銘旺科,⚠️ SELL,個股,上市普通股,35,30.0,28.86,32.27,跌破均線或RSI動能散失,T+1開盤進場，若跳空開高>2.5%放棄；觸及停損價無條件執行
2431,聯昌,⚠️ SELL,個股,上市普通股,35,10.05,9.8,10.54,跌破均線或RSI動能散失,T+1開盤進場，若跳空開高>2.5%放棄；觸及停損價無條件執行
2428,興勤,⚠️ SELL,個股,上市普通股,90,282.0,269.62,306.75,指標嚴重過熱或乖離過高,T+1開盤進場，若跳空開高>2.5%放棄；觸及停損價無條件執行
2440,太空梭,⚠️ SELL,個股,上市普通股,30,14.15,13.73,14.99,跌破均線或RSI動能散失,T+1開盤進場，若跳空開高>2.5%放棄；觸及停損價無條件執行
2444,兆勁,⚠️ SELL,個股,上市普通股,60,15.5,13.79,18.93,指標嚴重過熱或乖離過高,T+1開盤進場，若跳空開高>2.5%放棄；觸及停損價無條件執行
2450,神腦,⚠️ SELL,個股,上市普通股,45,28.1,27.88,28.55,跌破均線或RSI動能散失,T+1開盤進場，若跳空開高>2.5%放棄；觸及停損價無條件執行
2442,新美齊,⚠️ SELL,個股,上市普通股,25,14.0,13.57,14.86,跌破均線或RSI動能散失,T+1開盤進場，若跳空開高>2.5%放棄；觸及停損價無條件執行
2433,互盛電,⚠️ SELL,個股,上市普通股,40,39.4,38.86,40.47,跌破均線或RSI動能散失,T+1開盤進場，若跳空開高>2.5%放棄；觸及停損價無條件執行
2457,飛宏,⚠️ SELL,個股,上市普通股,25,21.75,21.03,23.19,跌破均線或RSI動能散失,T+1開盤進場，若跳空開高>2.5%放棄；觸及停損價無條件執行
2459,敦吉,⚠️ SELL,個股,上市普通股,20,65.0,64.3,66.39,跌破均線或RSI動能散失,T+1開盤進場，若跳空開高>2.5%放棄；觸及停損價無條件執行
2466,冠西電,⚠️ SELL,個股,上市普通股,60,198.5,182.38,230.75,指標嚴重過熱或乖離過高,T+1開盤進場，若跳空開高>2.5%放棄；觸及停損價無條件執行
2474,可成,⚠️ SELL,個股,上市普通股,35,195.5,191.05,204.39,跌破均線或RSI動能散失,T+1開盤進場，若跳空開高>2.5%放棄；觸及停損價無條件執行
2472,立隆電,⚠️ SELL,個股,上市普通股,65,243.5,228.55,273.39,指標嚴重過熱或乖離過高,T+1開盤進場，若跳空開高>2.5%放棄；觸及停損價無條件執行
2478,大毅,⚠️ SELL,個股,上市普通股,60,134.5,126.46,150.57,指標嚴重過熱或乖離過高,T+1開盤進場，若跳空開高>2.5%放棄；觸及停損價無條件執行
2483,百容,⚠️ SELL,個股,上市普通股,40,38.3,35.62,43.67,指標嚴重過熱或乖離過高,T+1開盤進場，若跳空開高>2.5%放棄；觸及停損價無條件執行
2484,希華,⚠️ SELL,個股,上市普通股,75,90.6,82.55,106.69,指標嚴重過熱或乖離過高,T+1開盤進場，若跳空開高>2.5%放棄；觸及停損價無條件執行
2492,華新科,⚠️ SELL,個股,上市普通股,75,420.0,384.38,491.25,指標嚴重過熱或乖離過高,T+1開盤進場，若跳空開高>2.5%放棄；觸及停損價無條件執行
2493,揚博,⚠️ SELL,個股,上市普通股,25,216.5,198.34,252.82,指標嚴重過熱或乖離過高,T+1開盤進場，若跳空開高>2.5%放棄；觸及停損價無條件執行
2501,國建,⚠️ SELL,個股,上市普通股,35,20.65,19.97,22.01,跌破均線或RSI動能散失,T+1開盤進場，若跳空開高>2.5%放棄；觸及停損價無條件執行
2496,卓越,⚠️ SELL,個股,上市普通股,20,54.8,54.05,56.3,跌破均線或RSI動能散失,T+1開盤進場，若跳空開高>2.5%放棄；觸及停損價無條件執行
2506,太設,⚠️ SELL,個股,上市普通股,35,8.4,8.21,8.77,跌破均線或RSI動能散失,T+1開盤進場，若跳空開高>2.5%放棄；觸及停損價無條件執行
2509,全坤建,⚠️ SELL,個股,上市普通股,40,13.4,12.91,14.37,跌破均線或RSI動能散失,T+1開盤進場，若跳空開高>2.5%放棄；觸及停損價無條件執行
2514,龍邦,⚠️ SELL,個股,上市普通股,35,11.35,11.06,11.94,跌破均線或RSI動能散失,T+1開盤進場，若跳空開高>2.5%放棄；觸及停損價無條件執行
2524,京城,⚠️ SELL,個股,上市普通股,20,33.65,32.14,36.66,跌破均線或RSI動能散失,T+1開盤進場，若跳空開高>2.5%放棄；觸及停損價無條件執行
2528,皇普,⚠️ SELL,個股,上市普通股,15,18.6,18.01,19.79,跌破均線或RSI動能散失,T+1開盤進場，若跳空開高>2.5%放棄；觸及停損價無條件執行
2527,宏璟,⚠️ SELL,個股,上市普通股,50,51.1,48.35,56.61,指標嚴重過熱或乖離過高,T+1開盤進場，若跳空開高>2.5%放棄；觸及停損價無條件執行
2534,宏盛,⚠️ SELL,個股,上市普通股,10,16.65,16.26,17.42,跌破均線或RSI動能散失,T+1開盤進場，若跳空開高>2.5%放棄；觸及停損價無條件執行
2536,宏普,⚠️ SELL,個股,上市普通股,35,18.7,18.24,19.61,跌破均線或RSI動能散失,T+1開盤進場，若跳空開高>2.5%放棄；觸及停損價無條件執行
2537,聯上發,⚠️ SELL,個股,上市普通股,20,10.95,10.66,11.53,跌破均線或RSI動能散失,T+1開盤進場，若跳空開高>2.5%放棄；觸及停損價無條件執行
2542,興富發,⚠️ SELL,個股,上市普通股,15,39.05,37.48,42.18,跌破均線或RSI動能散失,T+1開盤進場，若跳空開高>2.5%放棄；觸及停損價無條件執行
2547,日勝生,⚠️ SELL,個股,上市普通股,10,9.74,9.56,10.09,跌破均線或RSI動能散失,T+1開盤進場，若跳空開高>2.5%放棄；觸及停損價無條件執行
2548,華固,⚠️ SELL,個股,上市普通股,20,91.8,89.59,96.21,跌破均線或RSI動能散失,T+1開盤進場，若跳空開高>2.5%放棄；觸及停損價無條件執行
2601,益航,⚠️ SELL,個股,上市普通股,15,6.12,5.88,6.61,跌破均線或RSI動能散失,T+1開盤進場，若跳空開高>2.5%放棄；觸及停損價無條件執行
2607,榮運,👀 WATCH,個股,上市普通股,90,56.5,55.4,58.71,強勢突破20日高點且多頭排列,T+1開盤進場，若跳空開高>2.5%放棄；觸及停損價無條件執行
2608,嘉里大榮,⚠️ SELL,個股,上市普通股,40,28.6,28.2,29.39,跌破均線或RSI動能散失,T+1開盤進場，若跳空開高>2.5%放棄；觸及停損價無條件執行
2610,華航,⚠️ SELL,個股,上市普通股,10,20.15,19.73,21.0,跌破均線或RSI動能散失,T+1開盤進場，若跳空開高>2.5%放棄；觸及停損價無條件執行
2614,東森,⚠️ SELL,個股,上市普通股,35,15.35,14.66,16.72,跌破均線或RSI動能散失,T+1開盤進場，若跳空開高>2.5%放棄；觸及停損價無條件執行
2616,山隆,⚠️ SELL,個股,上市普通股,30,13.15,13.01,13.44,跌破均線或RSI動能散失,T+1開盤進場，若跳空開高>2.5%放棄；觸及停損價無條件執行
2618,長榮航,⚠️ SELL,個股,上市普通股,20,41.4,40.13,43.95,跌破均線或RSI動能散失,T+1開盤進場，若跳空開高>2.5%放棄；觸及停損價無條件執行
2630,亞航,⚠️ SELL,個股,上市普通股,20,45.2,44.12,47.36,跌破均線或RSI動能散失,T+1開盤進場，若跳空開高>2.5%放棄；觸及停損價無條件執行
2633,台灣高鐵,⚠️ SELL,個股,上市普通股,20,25.7,25.37,26.36,跌破均線或RSI動能散失,T+1開盤進場，若跳空開高>2.5%放棄；觸及停損價無條件執行
2634,漢翔,⚠️ SELL,個股,上市普通股,25,63.2,61.22,67.16,跌破均線或RSI動能散失,T+1開盤進場，若跳空開高>2.5%放棄；觸及停損價無條件執行
2645,長榮航太,⚠️ SELL,個股,上市普通股,20,171.5,167.21,180.07,跌破均線或RSI動能散失,T+1開盤進場，若跳空開高>2.5%放棄；觸及停損價無條件執行
2646,星宇航空,⚠️ SELL,個股,上市普通股,30,20.1,19.8,20.7,跌破均線或RSI動能散失,T+1開盤進場，若跳空開高>2.5%放棄；觸及停損價無條件執行
2701,萬企,⚠️ SELL,個股,上市普通股,30,10.3,10.14,10.62,跌破均線或RSI動能散失,T+1開盤進場，若跳空開高>2.5%放棄；觸及停損價無條件執行
2702,華園,⚠️ SELL,個股,上市普通股,15,12.1,11.83,12.64,跌破均線或RSI動能散失,T+1開盤進場，若跳空開高>2.5%放棄；觸及停損價無條件執行
2704,國賓,⚠️ SELL,個股,上市普通股,20,44.95,44.0,46.86,跌破均線或RSI動能散失,T+1開盤進場，若跳空開高>2.5%放棄；觸及停損價無條件執行
2705,六福,⚠️ SELL,個股,上市普通股,40,15.05,14.77,15.61,跌破均線或RSI動能散失,T+1開盤進場，若跳空開高>2.5%放棄；觸及停損價無條件執行
2707,晶華,⚠️ SELL,個股,上市普通股,50,176.0,174.29,179.43,跌破均線或RSI動能散失,T+1開盤進場，若跳空開高>2.5%放棄；觸及停損價無條件執行
2712,遠雄來,⚠️ SELL,個股,上市普通股,35,13.3,13.08,13.75,跌破均線或RSI動能散失,T+1開盤進場，若跳空開高>2.5%放棄；觸及停損價無條件執行
2727,王品,🔥 BUY,個股,上市普通股,100,237.5,233.59,245.32,強勢突破20日高點且多頭排列,T+1開盤進場，若跳空開高>2.5%放棄；觸及停損價無條件執行
2739,寒舍,⚠️ SELL,個股,上市普通股,35,36.05,35.0,38.15,跌破均線或RSI動能散失,T+1開盤進場，若跳空開高>2.5%放棄；觸及停損價無條件執行
2753,八方雲集,🔥 BUY,個股,上市普通股,85,185.0,181.84,191.32,強勢突破20日高點且多頭排列,T+1開盤進場，若跳空開高>2.5%放棄；觸及停損價無條件執行
2762,世界健身-KY,⚠️ SELL,個股,上市普通股,15,77.4,76.17,79.86,跌破均線或RSI動能散失,T+1開盤進場，若跳空開高>2.5%放棄；觸及停損價無條件執行
2832,台產,⚠️ SELL,個股,上市普通股,30,56.8,55.7,59.01,跌破均線或RSI動能散失,T+1開盤進場，若跳空開高>2.5%放棄；觸及停損價無條件執行
2850,新產,🔥 BUY,個股,上市普通股,80,164.5,159.62,174.25,強勢突破20日高點且多頭排列,T+1開盤進場，若跳空開高>2.5%放棄；觸及停損價無條件執行
2911,麗嬰房,⚠️ SELL,個股,上市普通股,30,5.95,5.76,6.34,跌破均線或RSI動能散失,T+1開盤進場，若跳空開高>2.5%放棄；觸及停損價無條件執行
2912,統一超,⚠️ SELL,個股,上市普通股,35,213.0,209.79,219.43,跌破均線或RSI動能散失,T+1開盤進場，若跳空開高>2.5%放棄；觸及停損價無條件執行
2923,鼎固-KY,⚠️ SELL,個股,上市普通股,30,24.0,22.1,27.79,跌破均線或RSI動能散失,T+1開盤進場，若跳空開高>2.5%放棄；觸及停損價無條件執行
2913,農林,⚠️ SELL,個股,上市普通股,10,10.95,10.71,11.43,跌破均線或RSI動能散失,T+1開盤進場，若跳空開高>2.5%放棄；觸及停損價無條件執行
2939,永邑-KY,⚠️ SELL,個股,上市普通股,50,23.6,22.33,26.15,指標嚴重過熱或乖離過高,T+1開盤進場，若跳空開高>2.5%放棄；觸及停損價無條件執行
2945,三商家購,⚠️ SELL,個股,上市普通股,35,39.4,38.6,41.0,跌破均線或RSI動能散失,T+1開盤進場，若跳空開高>2.5%放棄；觸及停損價無條件執行
3003,健和興,⚠️ SELL,個股,上市普通股,10,58.0,56.36,61.28,跌破均線或RSI動能散失,T+1開盤進場，若跳空開高>2.5%放棄；觸及停損價無條件執行
3010,華立,🔥 BUY,個股,上市普通股,75,132.5,129.12,139.25,強勢突破20日高點且多頭排列,T+1開盤進場，若跳空開高>2.5%放棄；觸及停損價無條件執行
3013,晟銘電,⚠️ SELL,個股,上市普通股,90,97.9,92.61,108.49,指標嚴重過熱或乖離過高,T+1開盤進場，若跳空開高>2.5%放棄；觸及停損價無條件執行
3015,全漢,⚠️ SELL,個股,上市普通股,25,51.7,49.84,55.43,跌破均線或RSI動能散失,T+1開盤進場，若跳空開高>2.5%放棄；觸及停損價無條件執行
3016,嘉晶,⚠️ SELL,個股,上市普通股,50,183.5,167.43,215.64,指標嚴重過熱或乖離過高,T+1開盤進場，若跳空開高>2.5%放棄；觸及停損價無條件執行
3018,隆銘綠能,⚠️ SELL,個股,上市普通股,25,11.0,10.34,12.33,跌破均線或RSI動能散失,T+1開盤進場，若跳空開高>2.5%放棄；觸及停損價無條件執行
3026,禾伸堂,⚠️ SELL,個股,上市普通股,75,877.0,796.32,1038.36,指標嚴重過熱或乖離過高,T+1開盤進場，若跳空開高>2.5%放棄；觸及停損價無條件執行
3030,德律,⚠️ SELL,個股,上市普通股,65,313.5,298.18,344.14,指標嚴重過熱或乖離過高,T+1開盤進場，若跳空開高>2.5%放棄；觸及停損價無條件執行
3031,佰鴻,⚠️ SELL,個股,上市普通股,40,33.2,29.95,39.7,指標嚴重過熱或乖離過高,T+1開盤進場，若跳空開高>2.5%放棄；觸及停損價無條件執行
3033,威健,⚠️ SELL,個股,上市普通股,10,41.55,40.49,43.67,跌破均線或RSI動能散失,T+1開盤進場，若跳空開高>2.5%放棄；觸及停損價無條件執行
3037,欣興,⚠️ SELL,個股,上市普通股,40,1270.0,1172.29,1465.43,指標嚴重過熱或乖離過高,T+1開盤進場，若跳空開高>2.5%放棄；觸及停損價無條件執行
3040,遠見,⚠️ SELL,個股,上市普通股,35,32.05,30.54,35.07,跌破均線或RSI動能散失,T+1開盤進場，若跳空開高>2.5%放棄；觸及停損價無條件執行
3044,健鼎,⚠️ SELL,個股,上市普通股,40,582.0,553.23,639.54,指標嚴重過熱或乖離過高,T+1開盤進場，若跳空開高>2.5%放棄；觸及停損價無條件執行
3046,建碁,⚠️ SELL,個股,上市普通股,10,52.3,51.25,54.4,跌破均線或RSI動能散失,T+1開盤進場，若跳空開高>2.5%放棄；觸及停損價無條件執行
3048,益登,⚠️ SELL,個股,上市普通股,55,57.0,54.69,61.63,指標嚴重過熱或乖離過高,T+1開盤進場，若跳空開高>2.5%放棄；觸及停損價無條件執行
3055,蔚華科,⚠️ SELL,個股,上市普通股,60,223.0,203.18,262.64,指標嚴重過熱或乖離過高,T+1開盤進場，若跳空開高>2.5%放棄；觸及停損價無條件執行
3056,富華新,⚠️ SELL,個股,上市普通股,30,13.75,13.34,14.56,跌破均線或RSI動能散失,T+1開盤進場，若跳空開高>2.5%放棄；觸及停損價無條件執行
3057,喬鼎,⚠️ SELL,個股,上市普通股,35,15.6,14.97,16.85,跌破均線或RSI動能散失,T+1開盤進場，若跳空開高>2.5%放棄；觸及停損價無條件執行
3094,聯傑,⚠️ SELL,個股,上市普通股,60,69.3,62.44,83.03,指標嚴重過熱或乖離過高,T+1開盤進場，若跳空開高>2.5%放棄；觸及停損價無條件執行
3149,正達,⚠️ SELL,個股,上市普通股,60,76.6,71.4,86.99,指標嚴重過熱或乖離過高,T+1開盤進場，若跳空開高>2.5%放棄；觸及停損價無條件執行
3189,景碩,⚠️ SELL,個股,上市普通股,60,1075.0,983.61,1257.79,指標嚴重過熱或乖離過高,T+1開盤進場，若跳空開高>2.5%放棄；觸及停損價無條件執行
3167,大量,⚠️ SELL,個股,上市普通股,60,1055.0,974.96,1215.07,指標嚴重過熱或乖離過高,T+1開盤進場，若跳空開高>2.5%放棄；觸及停損價無條件執行
3164,景岳,🔥 BUY,個股,上市普通股,90,16.95,16.57,17.71,強勢突破20日高點且多頭排列,T+1開盤進場，若跳空開高>2.5%放棄；觸及停損價無條件執行
3311,閎暉,⚠️ SELL,個股,上市普通股,55,46.9,42.48,55.74,指標嚴重過熱或乖離過高,T+1開盤進場，若跳空開高>2.5%放棄；觸及停損價無條件執行
3321,同泰,⚠️ SELL,個股,上市普通股,25,17.35,16.43,19.19,跌破均線或RSI動能散失,T+1開盤進場，若跳空開高>2.5%放棄；觸及停損價無條件執行
3356,奇偶,⚠️ SELL,個股,上市普通股,20,66.7,64.65,70.79,跌破均線或RSI動能散失,T+1開盤進場，若跳空開高>2.5%放棄；觸及停損價無條件執行
3376,新日興,⚠️ SELL,個股,上市普通股,25,169.5,163.61,181.29,跌破均線或RSI動能散失,T+1開盤進場，若跳空開高>2.5%放棄；觸及停損價無條件執行
3406,玉晶光,⚠️ SELL,個股,上市普通股,40,1060.0,967.86,1244.29,指標嚴重過熱或乖離過高,T+1開盤進場，若跳空開高>2.5%放棄；觸及停損價無條件執行
3416,融程電,⚠️ SELL,個股,上市普通股,60,182.0,175.89,194.21,指標嚴重過熱或乖離過高,T+1開盤進場，若跳空開高>2.5%放棄；觸及停損價無條件執行
3432,台端,⚠️ SELL,個股,上市普通股,25,14.5,13.94,15.62,跌破均線或RSI動能散失,T+1開盤進場，若跳空開高>2.5%放棄；觸及停損價無條件執行
3443,創意,⚠️ SELL,個股,上市普通股,50,8360.0,7641.07,9797.86,指標嚴重過熱或乖離過高,T+1開盤進場，若跳空開高>2.5%放棄；觸及停損價無條件執行
3447,展達,⚠️ SELL,個股,上市普通股,60,30.25,28.77,33.22,指標嚴重過熱或乖離過高,T+1開盤進場，若跳空開高>2.5%放棄；觸及停損價無條件執行
3501,維熹,⚠️ SELL,個股,上市普通股,15,37.95,37.41,39.03,跌破均線或RSI動能散失,T+1開盤進場，若跳空開高>2.5%放棄；觸及停損價無條件執行
3494,誠研,⚠️ SELL,個股,上市普通股,25,7.09,6.78,7.71,跌破均線或RSI動能散失,T+1開盤進場，若跳空開高>2.5%放棄；觸及停損價無條件執行
3518,柏騰,⚠️ SELL,個股,上市普通股,35,49.5,44.93,58.64,指標嚴重過熱或乖離過高,T+1開盤進場，若跳空開高>2.5%放棄；觸及停損價無條件執行
3533,嘉澤,⚠️ SELL,個股,上市普通股,65,1915.0,1789.11,2166.79,指標嚴重過熱或乖離過高,T+1開盤進場，若跳空開高>2.5%放棄；觸及停損價無條件執行
3532,台勝科,⚠️ SELL,個股,上市普通股,75,509.0,464.54,597.93,指標嚴重過熱或乖離過高,T+1開盤進場，若跳空開高>2.5%放棄；觸及停損價無條件執行
3543,州巧,⚠️ SELL,個股,上市普通股,55,56.1,52.16,63.99,指標嚴重過熱或乖離過高,T+1開盤進場，若跳空開高>2.5%放棄；觸及停損價無條件執行
3588,通嘉,⚠️ SELL,個股,上市普通股,30,53.2,50.21,59.18,跌破均線或RSI動能散失,T+1開盤進場，若跳空開高>2.5%放棄；觸及停損價無條件執行
3591,艾笛森,⚠️ SELL,個股,上市普通股,75,29.1,26.78,33.75,指標嚴重過熱或乖離過高,T+1開盤進場，若跳空開高>2.5%放棄；觸及停損價無條件執行
3593,力銘,⚠️ SELL,個股,上市普通股,50,11.6,10.49,13.82,指標嚴重過熱或乖離過高,T+1開盤進場，若跳空開高>2.5%放棄；觸及停損價無條件執行
3653,健策,⚠️ SELL,個股,上市普通股,75,7165.0,6577.32,8340.36,指標嚴重過熱或乖離過高,T+1開盤進場，若跳空開高>2.5%放棄；觸及停損價無條件執行
3661,世芯-KY,⚠️ SELL,個股,上市普通股,70,4345.0,4072.32,4890.36,指標嚴重過熱或乖離過高,T+1開盤進場，若跳空開高>2.5%放棄；觸及停損價無條件執行
3669,圓展,⚠️ SELL,個股,上市普通股,15,32.25,31.42,33.91,跌破均線或RSI動能散失,T+1開盤進場，若跳空開高>2.5%放棄；觸及停損價無條件執行
3679,新至陞,⚠️ SELL,個股,上市普通股,30,108.0,106.29,111.43,跌破均線或RSI動能散失,T+1開盤進場，若跳空開高>2.5%放棄；觸及停損價無條件執行
3673,TPK-KY,⚠️ SELL,個股,上市普通股,40,74.4,69.4,84.41,指標嚴重過熱或乖離過高,T+1開盤進場，若跳空開高>2.5%放棄；觸及停損價無條件執行
3703,欣陸,⚠️ SELL,個股,上市普通股,30,19.5,19.1,20.29,跌破均線或RSI動能散失,T+1開盤進場，若跳空開高>2.5%放棄；觸及停損價無條件執行
3704,合勤控,⚠️ SELL,個股,上市普通股,20,39.1,37.71,41.89,跌破均線或RSI動能散失,T+1開盤進場，若跳空開高>2.5%放棄；觸及停損價無條件執行
3701,大眾控,⚠️ SELL,個股,上市普通股,45,63.0,57.73,73.54,指標嚴重過熱或乖離過高,T+1開盤進場，若跳空開高>2.5%放棄；觸及停損價無條件執行
3708,上緯投控,⚠️ SELL,個股,上市普通股,15,94.1,90.37,101.56,跌破均線或RSI動能散失,T+1開盤進場，若跳空開高>2.5%放棄；觸及停損價無條件執行
3711,日月光投控,⚠️ SELL,個股,上市普通股,60,744.0,701.89,828.21,指標嚴重過熱或乖離過高,T+1開盤進場，若跳空開高>2.5%放棄；觸及停損價無條件執行
3715,定穎投控,⚠️ SELL,個股,上市普通股,50,137.5,128.77,154.96,指標嚴重過熱或乖離過高,T+1開盤進場，若跳空開高>2.5%放棄；觸及停損價無條件執行
3717,聯嘉投控,⚠️ SELL,個股,上市普通股,40,27.75,24.89,33.47,指標嚴重過熱或乖離過高,T+1開盤進場，若跳空開高>2.5%放棄；觸及停損價無條件執行
4133,亞諾法,⚠️ SELL,個股,上市普通股,30,22.65,21.9,24.15,指標嚴重過熱或乖離過高,T+1開盤進場，若跳空開高>2.5%放棄；觸及停損價無條件執行
4142,國光生,⚠️ SELL,個股,上市普通股,75,19.2,18.69,20.23,指標嚴重過熱或乖離過高,T+1開盤進場，若跳空開高>2.5%放棄；觸及停損價無條件執行
4169,泰宗,⚠️ SELL,個股,上市普通股,20,147.5,140.27,161.96,跌破均線或RSI動能散失,T+1開盤進場，若跳空開高>2.5%放棄；觸及停損價無條件執行
4178,永笙-KY,⚠️ SELL,個股,上市普通股,65,19.6,18.59,21.61,指標嚴重過熱或乖離過高,T+1開盤進場，若跳空開高>2.5%放棄；觸及停損價無條件執行
4190,佐登-KY,⚠️ SELL,個股,上市普通股,25,24.5,23.83,25.84,跌破均線或RSI動能散失,T+1開盤進場，若跳空開高>2.5%放棄；觸及停損價無條件執行
4195,基米-創,⚠️ SELL,個股,上市普通股,30,16.3,15.14,18.62,指標嚴重過熱或乖離過高,T+1開盤進場，若跳空開高>2.5%放棄；觸及停損價無條件執行
4414,如興,⚠️ SELL,個股,上市普通股,15,8.07,7.87,8.47,跌破均線或RSI動能散失,T+1開盤進場，若跳空開高>2.5%放棄；觸及停損價無條件執行
4426,利勤,⚠️ SELL,個股,上市普通股,35,7.6,7.39,8.01,跌破均線或RSI動能散失,T+1開盤進場，若跳空開高>2.5%放棄；觸及停損價無條件執行
4438,廣越,⚠️ SELL,個股,上市普通股,30,56.6,55.42,58.96,跌破均線或RSI動能散失,T+1開盤進場，若跳空開高>2.5%放棄；觸及停損價無條件執行
4440,宜新實業,⚠️ SELL,個股,上市普通股,30,17.45,17.12,18.11,跌破均線或RSI動能散失,T+1開盤進場，若跳空開高>2.5%放棄；觸及停損價無條件執行
4306,炎洲,⚠️ SELL,個股,上市普通股,10,14.55,14.21,15.24,跌破均線或RSI動能散失,T+1開盤進場，若跳空開高>2.5%放棄；觸及停損價無條件執行
4536,拓凱,⚠️ SELL,個股,上市普通股,15,159.0,155.68,165.64,跌破均線或RSI動能散失,T+1開盤進場，若跳空開高>2.5%放棄；觸及停損價無條件執行
4545,銘鈺,⚠️ SELL,個股,上市普通股,40,38.35,36.34,42.37,指標嚴重過熱或乖離過高,T+1開盤進場，若跳空開高>2.5%放棄；觸及停損價無條件執行
4551,智伸科,⚠️ SELL,個股,上市普通股,40,184.0,169.64,212.71,指標嚴重過熱或乖離過高,T+1開盤進場，若跳空開高>2.5%放棄；觸及停損價無條件執行
4552,力達-KY,⚠️ SELL,個股,上市普通股,35,15.35,14.87,16.31,跌破均線或RSI動能散失,T+1開盤進場，若跳空開高>2.5%放棄；觸及停損價無條件執行
4555,氣立,⚠️ SELL,個股,上市普通股,20,41.85,40.37,44.82,跌破均線或RSI動能散失,T+1開盤進場，若跳空開高>2.5%放棄；觸及停損價無條件執行
4562,穎漢,⚠️ SELL,個股,上市普通股,20,30.0,28.75,32.51,跌破均線或RSI動能散失,T+1開盤進場，若跳空開高>2.5%放棄；觸及停損價無條件執行
4566,時碩工業,⚠️ SELL,個股,上市普通股,40,76.0,71.68,84.64,指標嚴重過熱或乖離過高,T+1開盤進場，若跳空開高>2.5%放棄；觸及停損價無條件執行
4571,鈞興-KY,⚠️ SELL,個股,上市普通股,20,151.5,148.45,157.61,跌破均線或RSI動能散失,T+1開盤進場，若跳空開高>2.5%放棄；觸及停損價無條件執行
4564,元翎,⚠️ SELL,個股,上市普通股,45,15.9,15.44,16.81,跌破均線或RSI動能散失,T+1開盤進場，若跳空開高>2.5%放棄；觸及停損價無條件執行
4572,駐龍,⚠️ SELL,個股,上市普通股,20,138.5,136.04,143.43,跌破均線或RSI動能散失,T+1開盤進場，若跳空開高>2.5%放棄；觸及停損價無條件執行
4582,聚恆-創,⚠️ SELL,個股,上市普通股,20,22.0,21.56,22.88,跌破均線或RSI動能散失,T+1開盤進場，若跳空開高>2.5%放棄；觸及停損價無條件執行
4583,台灣精銳,⚠️ SELL,個股,上市普通股,30,417.0,401.79,447.43,跌破均線或RSI動能散失,T+1開盤進場，若跳空開高>2.5%放棄；觸及停損價無條件執行
4585,達明,⚠️ SELL,個股,上市普通股,20,292.0,286.11,303.79,跌破均線或RSI動能散失,T+1開盤進場，若跳空開高>2.5%放棄；觸及停損價無條件執行
4722,國精化,⚠️ SELL,個股,上市普通股,40,215.5,197.77,250.96,指標嚴重過熱或乖離過高,T+1開盤進場，若跳空開高>2.5%放棄；觸及停損價無條件執行
4720,德淵,⚠️ SELL,個股,上市普通股,75,25.55,23.79,29.07,指標嚴重過熱或乖離過高,T+1開盤進場，若跳空開高>2.5%放棄；觸及停損價無條件執行
4755,三福化,⚠️ SELL,個股,上市普通股,45,127.0,119.77,141.46,指標嚴重過熱或乖離過高,T+1開盤進場，若跳空開高>2.5%放棄；觸及停損價無條件執行
4764,雙鍵,⚠️ SELL,個股,上市普通股,30,199.0,181.11,234.79,跌破均線或RSI動能散失,T+1開盤進場，若跳空開高>2.5%放棄；觸及停損價無條件執行
4770,上品,⚠️ SELL,個股,上市普通股,65,282.0,260.46,325.07,指標嚴重過熱或乖離過高,T+1開盤進場，若跳空開高>2.5%放棄；觸及停損價無條件執行
4807,日成-KY,⚠️ SELL,個股,上市普通股,80,34.25,32.33,38.1,指標嚴重過熱或乖離過高,T+1開盤進場，若跳空開高>2.5%放棄；觸及停損價無條件執行
4906,正文,⚠️ SELL,個股,上市普通股,40,41.8,38.67,48.06,指標嚴重過熱或乖離過高,T+1開盤進場，若跳空開高>2.5%放棄；觸及停損價無條件執行
4912,聯德控股-KY,⚠️ SELL,個股,上市普通股,55,109.5,102.64,123.21,指標嚴重過熱或乖離過高,T+1開盤進場，若跳空開高>2.5%放棄；觸及停損價無條件執行
4919,新唐,⚠️ SELL,個股,上市普通股,40,155.5,139.54,187.43,指標嚴重過熱或乖離過高,T+1開盤進場，若跳空開高>2.5%放棄；觸及停損價無條件執行
4927,泰鼎-KY,⚠️ SELL,個股,上市普通股,55,54.2,50.16,62.29,指標嚴重過熱或乖離過高,T+1開盤進場，若跳空開高>2.5%放棄；觸及停損價無條件執行
4934,太極,⚠️ SELL,個股,上市普通股,65,17.1,16.12,19.06,指標嚴重過熱或乖離過高,T+1開盤進場，若跳空開高>2.5%放棄；觸及停損價無條件執行
4943,康控-KY,⚠️ SELL,個股,上市普通股,25,6.64,6.23,7.47,跌破均線或RSI動能散失,T+1開盤進場，若跳空開高>2.5%放棄；觸及停損價無條件執行
4930,燦星網,⚠️ SELL,個股,上市普通股,35,15.7,15.39,16.31,跌破均線或RSI動能散失,T+1開盤進場，若跳空開高>2.5%放棄；觸及停損價無條件執行
4949,有成精密,⚠️ SELL,個股,上市普通股,65,85.3,80.18,95.54,指標嚴重過熱或乖離過高,T+1開盤進場，若跳空開高>2.5%放棄；觸及停損價無條件執行
4958,臻鼎-KY,⚠️ SELL,個股,上市普通股,40,592.0,553.38,669.25,指標嚴重過熱或乖離過高,T+1開盤進場，若跳空開高>2.5%放棄；觸及停損價無條件執行
4989,榮科,⚠️ SELL,個股,上市普通股,45,73.2,68.6,82.39,指標嚴重過熱或乖離過高,T+1開盤進場，若跳空開高>2.5%放棄；觸及停損價無條件執行
4994,傳奇,⚠️ SELL,個股,上市普通股,10,80.5,76.62,88.26,跌破均線或RSI動能散失,T+1開盤進場，若跳空開高>2.5%放棄；觸及停損價無條件執行
4999,鑫禾,⚠️ SELL,個股,上市普通股,30,17.75,17.39,18.47,跌破均線或RSI動能散失,T+1開盤進場，若跳空開高>2.5%放棄；觸及停損價無條件執行
5007,三星,⚠️ SELL,個股,上市普通股,25,55.7,55.04,57.03,跌破均線或RSI動能散失,T+1開盤進場，若跳空開高>2.5%放棄；觸及停損價無條件執行
5215,科嘉-KY,⚠️ SELL,個股,上市普通股,30,37.7,36.71,39.68,跌破均線或RSI動能散失,T+1開盤進場，若跳空開高>2.5%放棄；觸及停損價無條件執行
5222,全訊,⚠️ SELL,個股,上市普通股,20,102.0,98.62,108.75,跌破均線或RSI動能散失,T+1開盤進場，若跳空開高>2.5%放棄；觸及停損價無條件執行
5234,達興材料,⚠️ SELL,個股,上市普通股,65,334.0,312.62,376.75,指標嚴重過熱或乖離過高,T+1開盤進場，若跳空開高>2.5%放棄；觸及停損價無條件執行
5243,乙盛-KY,⚠️ SELL,個股,上市普通股,75,105.0,100.4,114.19,指標嚴重過熱或乖離過高,T+1開盤進場，若跳空開高>2.5%放棄；觸及停損價無條件執行
5236,凌陽創新,⚠️ SELL,個股,上市普通股,25,125.0,121.14,132.71,跌破均線或RSI動能散失,T+1開盤進場，若跳空開高>2.5%放棄；觸及停損價無條件執行
5244,弘凱,⚠️ SELL,個股,上市普通股,40,40.85,38.76,45.03,指標嚴重過熱或乖離過高,T+1開盤進場，若跳空開高>2.5%放棄；觸及停損價無條件執行
5284,jpp-KY,⚠️ SELL,個股,上市普通股,10,282.0,271.07,303.86,跌破均線或RSI動能散失,T+1開盤進場，若跳空開高>2.5%放棄；觸及停損價無條件執行
5292,華懋,⚠️ SELL,個股,上市普通股,65,243.0,229.23,270.54,指標嚴重過熱或乖離過高,T+1開盤進場，若跳空開高>2.5%放棄；觸及停損價無條件執行
5306,桂盟,⚠️ SELL,個股,上市普通股,25,87.6,86.06,90.68,跌破均線或RSI動能散失,T+1開盤進場，若跳空開高>2.5%放棄；觸及停損價無條件執行
5469,瀚宇博,⚠️ SELL,個股,上市普通股,50,80.2,77.86,84.87,指標嚴重過熱或乖離過高,T+1開盤進場，若跳空開高>2.5%放棄；觸及停損價無條件執行
5471,松翰,⚠️ SELL,個股,上市普通股,25,50.8,49.06,54.27,跌破均線或RSI動能散失,T+1開盤進場，若跳空開高>2.5%放棄；觸及停損價無條件執行
5484,慧友,⚠️ SELL,個股,上市普通股,20,38.65,37.67,40.61,跌破均線或RSI動能散失,T+1開盤進場，若跳空開高>2.5%放棄；觸及停損價無條件執行
5519,隆大,⚠️ SELL,個股,上市普通股,25,24.7,24.07,25.96,跌破均線或RSI動能散失,T+1開盤進場，若跳空開高>2.5%放棄；觸及停損價無條件執行
5522,遠雄,⚠️ SELL,個股,上市普通股,10,60.8,59.29,63.82,跌破均線或RSI動能散失,T+1開盤進場，若跳空開高>2.5%放棄；觸及停損價無條件執行
5531,鄉林,⚠️ SELL,個股,上市普通股,25,6.97,6.71,7.49,跌破均線或RSI動能散失,T+1開盤進場，若跳空開高>2.5%放棄；觸及停損價無條件執行
5534,長虹,⚠️ SELL,個股,上市普通股,35,72.2,70.4,75.8,跌破均線或RSI動能散失,T+1開盤進場，若跳空開高>2.5%放棄；觸及停損價無條件執行
5546,永固-KY,⚠️ SELL,個股,上市普通股,40,13.5,12.87,14.76,跌破均線或RSI動能散失,T+1開盤進場，若跳空開高>2.5%放棄；觸及停損價無條件執行
5871,中租-KY,⚠️ SELL,個股,上市普通股,15,105.5,103.3,109.89,跌破均線或RSI動能散失,T+1開盤進場，若跳空開高>2.5%放棄；觸及停損價無條件執行
5907,大洋-KY,⚠️ SELL,個股,上市普通股,10,4.68,4.52,5.01,跌破均線或RSI動能散失,T+1開盤進場，若跳空開高>2.5%放棄；觸及停損價無條件執行
6024,群益期,⚠️ SELL,個股,上市普通股,50,58.7,57.73,60.65,跌破均線或RSI動能散失,T+1開盤進場，若跳空開高>2.5%放棄；觸及停損價無條件執行
6115,鎰勝,⚠️ SELL,個股,上市普通股,15,43.95,43.24,45.36,跌破均線或RSI動能散失,T+1開盤進場，若跳空開高>2.5%放棄；觸及停損價無條件執行
6136,富爾特,👀 WATCH,個股,上市普通股,75,26.6,26.11,27.59,強勢突破20日高點且多頭排列,T+1開盤進場，若跳空開高>2.5%放棄；觸及停損價無條件執行
6152,百一,⚠️ SELL,個股,上市普通股,60,21.0,19.83,23.34,指標嚴重過熱或乖離過高,T+1開盤進場，若跳空開高>2.5%放棄；觸及停損價無條件執行
6155,鈞寶,⚠️ SELL,個股,上市普通股,55,70.9,65.22,82.26,指標嚴重過熱或乖離過高,T+1開盤進場，若跳空開高>2.5%放棄；觸及停損價無條件執行
6165,浪凡,⚠️ SELL,個股,上市普通股,20,47.9,46.28,51.14,跌破均線或RSI動能散失,T+1開盤進場，若跳空開高>2.5%放棄；觸及停損價無條件執行
6176,瑞儀,⚠️ SELL,個股,上市普通股,15,91.1,88.71,95.88,跌破均線或RSI動能散失,T+1開盤進場，若跳空開高>2.5%放棄；觸及停損價無條件執行
6184,大豐電,⚠️ SELL,個股,上市普通股,35,40.0,39.3,41.39,跌破均線或RSI動能散失,T+1開盤進場，若跳空開高>2.5%放棄；觸及停損價無條件執行
6196,帆宣,⚠️ SELL,個股,上市普通股,60,674.0,633.71,754.57,指標嚴重過熱或乖離過高,T+1開盤進場，若跳空開高>2.5%放棄；觸及停損價無條件執行
6197,佳必琪,⚠️ SELL,個股,上市普通股,75,381.5,364.52,415.46,指標嚴重過熱或乖離過高,T+1開盤進場，若跳空開高>2.5%放棄；觸及停損價無條件執行
6201,亞弘電,⚠️ SELL,個股,上市普通股,35,44.15,42.94,46.56,跌破均線或RSI動能散失,T+1開盤進場，若跳空開高>2.5%放棄；觸及停損價無條件執行
6209,今國光,⚠️ SELL,個股,上市普通股,65,90.1,84.97,100.36,指標嚴重過熱或乖離過高,T+1開盤進場，若跳空開高>2.5%放棄；觸及停損價無條件執行
6213,聯茂,⚠️ SELL,個股,上市普通股,45,806.0,740.96,936.07,指標嚴重過熱或乖離過高,T+1開盤進場，若跳空開高>2.5%放棄；觸及停損價無條件執行
6215,和椿,⚠️ SELL,個股,上市普通股,35,93.3,90.3,99.3,跌破均線或RSI動能散失,T+1開盤進場，若跳空開高>2.5%放棄；觸及停損價無條件執行
6225,天瀚,⚠️ SELL,個股,上市普通股,50,71.6,63.31,88.18,指標嚴重過熱或乖離過高,T+1開盤進場，若跳空開高>2.5%放棄；觸及停損價無條件執行
6226,光鼎,⚠️ SELL,個股,上市普通股,40,44.4,38.95,55.3,指標嚴重過熱或乖離過高,T+1開盤進場，若跳空開高>2.5%放棄；觸及停損價無條件執行
6243,迅杰,⚠️ SELL,個股,上市普通股,20,38.45,36.4,42.54,跌破均線或RSI動能散失,T+1開盤進場，若跳空開高>2.5%放棄；觸及停損價無條件執行
6257,矽格,⚠️ SELL,個股,上市普通股,55,283.0,257.29,334.43,指標嚴重過熱或乖離過高,T+1開盤進場，若跳空開高>2.5%放棄；觸及停損價無條件執行
6235,華孚,⚠️ SELL,個股,上市普通股,40,36.1,34.8,38.7,跌破均線或RSI動能散失,T+1開盤進場，若跳空開高>2.5%放棄；觸及停損價無條件執行
6278,台表科,⚠️ SELL,個股,上市普通股,55,248.0,230.0,284.0,指標嚴重過熱或乖離過高,T+1開盤進場，若跳空開高>2.5%放棄；觸及停損價無條件執行
6281,全國電,⚠️ SELL,個股,上市普通股,45,51.0,50.52,51.96,跌破均線或RSI動能散失,T+1開盤進場，若跳空開高>2.5%放棄；觸及停損價無條件執行
6283,淳安,⚠️ SELL,個股,上市普通股,15,18.75,18.17,19.92,跌破均線或RSI動能散失,T+1開盤進場，若跳空開高>2.5%放棄；觸及停損價無條件執行
6285,啟碁,⚠️ SELL,個股,上市普通股,40,256.5,243.86,281.79,指標嚴重過熱或乖離過高,T+1開盤進場，若跳空開高>2.5%放棄；觸及停損價無條件執行
6412,群電,⚠️ SELL,個股,上市普通股,40,73.0,71.44,76.13,跌破均線或RSI動能散失,T+1開盤進場，若跳空開高>2.5%放棄；觸及停損價無條件執行
6415,矽力*-KY,⚠️ SELL,個股,上市普通股,55,462.5,437.16,513.18,指標嚴重過熱或乖離過高,T+1開盤進場，若跳空開高>2.5%放棄；觸及停損價無條件執行
6409,旭隼,⚠️ SELL,個股,上市普通股,20,868.0,829.54,944.93,跌破均線或RSI動能散失,T+1開盤進場，若跳空開高>2.5%放棄；觸及停損價無條件執行
6431,光麗-KY,⚠️ SELL,個股,上市普通股,50,16.8,16.04,18.32,跌破均線或RSI動能散失,T+1開盤進場，若跳空開高>2.5%放棄；觸及停損價無條件執行
6442,光聖,⚠️ SELL,個股,上市普通股,75,1785.0,1654.82,2045.36,指標嚴重過熱或乖離過高,T+1開盤進場，若跳空開高>2.5%放棄；觸及停損價無條件執行
6446,藥華藥,⚠️ SELL,個股,上市普通股,10,1195.0,1129.11,1326.79,跌破均線或RSI動能散失,T+1開盤進場，若跳空開高>2.5%放棄；觸及停損價無條件執行
6449,鈺邦,⚠️ SELL,個股,上市普通股,65,271.0,252.46,308.07,指標嚴重過熱或乖離過高,T+1開盤進場，若跳空開高>2.5%放棄；觸及停損價無條件執行
6451,訊芯-KY,⚠️ SELL,個股,上市普通股,20,420.5,394.2,473.11,跌破均線或RSI動能散失,T+1開盤進場，若跳空開高>2.5%放棄；觸及停損價無條件執行
6477,安集,⚠️ SELL,個股,上市普通股,15,33.7,32.06,36.98,跌破均線或RSI動能散失,T+1開盤進場，若跳空開高>2.5%放棄；觸及停損價無條件執行
6456,GIS-KY,⚠️ SELL,個股,上市普通股,40,100.0,90.09,119.82,指標嚴重過熱或乖離過高,T+1開盤進場，若跳空開高>2.5%放棄；觸及停損價無條件執行
6504,南六,⚠️ SELL,個股,上市普通股,75,41.7,40.28,44.54,指標嚴重過熱或乖離過高,T+1開盤進場，若跳空開高>2.5%放棄；觸及停損價無條件執行
6505,台塑化,⚠️ SELL,個股,上市普通股,55,110.5,102.45,126.59,指標嚴重過熱或乖離過高,T+1開盤進場，若跳空開高>2.5%放棄；觸及停損價無條件執行
6515,穎崴,⚠️ SELL,個股,上市普通股,45,5615.0,5068.57,6707.86,跌破均線或RSI動能散失,T+1開盤進場，若跳空開高>2.5%放棄；觸及停損價無條件執行
6526,達發,⚠️ SELL,個股,上市普通股,40,801.0,733.18,936.64,指標嚴重過熱或乖離過高,T+1開盤進場，若跳空開高>2.5%放棄；觸及停損價無條件執行
6464,台數科,⚠️ SELL,個股,上市普通股,35,76.3,74.97,78.96,跌破均線或RSI動能散失,T+1開盤進場，若跳空開高>2.5%放棄；觸及停損價無條件執行
6533,晶心科,⚠️ SELL,個股,上市普通股,60,352.5,319.88,417.75,指標嚴重過熱或乖離過高,T+1開盤進場，若跳空開高>2.5%放棄；觸及停損價無條件執行
6541,泰福-KY,⚠️ SELL,個股,上市普通股,50,33.95,31.75,38.34,指標嚴重過熱或乖離過高,T+1開盤進場，若跳空開高>2.5%放棄；觸及停損價無條件執行
6550,北極星藥業-KY,⚠️ SELL,個股,上市普通股,35,16.7,15.99,18.11,跌破均線或RSI動能散失,T+1開盤進場，若跳空開高>2.5%放棄；觸及停損價無條件執行
6573,虹揚-KY,⚠️ SELL,個股,上市普通股,35,15.95,15.16,17.54,跌破均線或RSI動能散失,T+1開盤進場，若跳空開高>2.5%放棄；觸及停損價無條件執行
6579,研揚,⚠️ SELL,個股,上市普通股,20,151.0,145.64,161.71,跌破均線或RSI動能散失,T+1開盤進場，若跳空開高>2.5%放棄；觸及停損價無條件執行
6585,鼎基,⚠️ SELL,個股,上市普通股,25,99.2,95.89,105.82,跌破均線或RSI動能散失,T+1開盤進場，若跳空開高>2.5%放棄；觸及停損價無條件執行
6591,動力-KY,⚠️ SELL,個股,上市普通股,15,41.8,39.68,46.04,跌破均線或RSI動能散失,T+1開盤進場，若跳空開高>2.5%放棄；觸及停損價無條件執行
6592,和潤企業,⚠️ SELL,個股,上市普通股,15,56.7,55.61,58.89,跌破均線或RSI動能散失,T+1開盤進場，若跳空開高>2.5%放棄；觸及停損價無條件執行
6606,建德工業,⚠️ SELL,個股,上市普通股,35,24.45,23.47,26.41,跌破均線或RSI動能散失,T+1開盤進場，若跳空開高>2.5%放棄；觸及停損價無條件執行
6625,必應,⚠️ SELL,個股,上市普通股,30,73.9,72.98,75.74,跌破均線或RSI動能散失,T+1開盤進場，若跳空開高>2.5%放棄；觸及停損價無條件執行
6614,資拓宏宇,⚠️ SELL,個股,上市普通股,25,35.25,34.58,36.59,跌破均線或RSI動能散失,T+1開盤進場，若跳空開高>2.5%放棄；觸及停損價無條件執行
6658,聯策,⚠️ SELL,個股,上市普通股,65,214.5,200.52,242.46,指標嚴重過熱或乖離過高,T+1開盤進場，若跳空開高>2.5%放棄；觸及停損價無條件執行
6668,中揚光,⚠️ SELL,個股,上市普通股,40,51.1,46.62,60.06,指標嚴重過熱或乖離過高,T+1開盤進場，若跳空開高>2.5%放棄；觸及停損價無條件執行
6672,騰輝電子-KY,⚠️ SELL,個股,上市普通股,60,555.0,514.18,636.64,指標嚴重過熱或乖離過高,T+1開盤進場，若跳空開高>2.5%放棄；觸及停損價無條件執行
6691,洋基工程,⚠️ SELL,個股,上市普通股,60,789.0,745.39,876.21,指標嚴重過熱或乖離過高,T+1開盤進場，若跳空開高>2.5%放棄；觸及停損價無條件執行
6698,旭暉應材,⚠️ SELL,個股,上市普通股,10,31.6,30.2,34.4,跌破均線或RSI動能散失,T+1開盤進場，若跳空開高>2.5%放棄；觸及停損價無條件執行
6715,嘉基,⚠️ SELL,個股,上市普通股,40,464.0,415.2,561.61,指標嚴重過熱或乖離過高,T+1開盤進場，若跳空開高>2.5%放棄；觸及停損價無條件執行
6742,澤米,⚠️ SELL,個股,上市普通股,40,57.9,52.04,69.62,指標嚴重過熱或乖離過高,T+1開盤進場，若跳空開高>2.5%放棄；觸及停損價無條件執行
6743,安普新,⚠️ SELL,個股,上市普通股,60,35.5,33.63,39.24,指標嚴重過熱或乖離過高,T+1開盤進場，若跳空開高>2.5%放棄；觸及停損價無條件執行
6753,龍德造船,⚠️ SELL,個股,上市普通股,10,131.0,127.62,137.75,跌破均線或RSI動能散失,T+1開盤進場，若跳空開高>2.5%放棄；觸及停損價無條件執行
6754,匯僑設計,⚠️ SELL,個股,上市普通股,45,41.5,40.1,44.31,跌破均線或RSI動能散失,T+1開盤進場，若跳空開高>2.5%放棄；觸及停損價無條件執行
6757,台灣虎航,⚠️ SELL,個股,上市普通股,20,53.3,52.28,55.34,跌破均線或RSI動能散失,T+1開盤進場，若跳空開高>2.5%放棄；觸及停損價無條件執行
6790,永豐實,⚠️ SELL,個股,上市普通股,50,37.25,36.92,37.9,跌破均線或RSI動能散失,T+1開盤進場，若跳空開高>2.5%放棄；觸及停損價無條件執行
6794,向榮生技,⚠️ SELL,個股,上市普通股,10,71.6,67.64,79.53,跌破均線或RSI動能散失,T+1開盤進場，若跳空開高>2.5%放棄；觸及停損價無條件執行
6831,邁科,⚠️ SELL,個股,上市普通股,30,476.0,443.11,541.79,跌破均線或RSI動能散失,T+1開盤進場，若跳空開高>2.5%放棄；觸及停損價無條件執行
6834,天二科技,⚠️ SELL,個股,上市普通股,65,132.0,118.28,159.45,指標嚴重過熱或乖離過高,T+1開盤進場，若跳空開高>2.5%放棄；觸及停損價無條件執行
6863,永道-KY,⚠️ SELL,個股,上市普通股,15,95.6,92.81,101.17,跌破均線或RSI動能散失,T+1開盤進場，若跳空開高>2.5%放棄；觸及停損價無條件執行
6873,泓德能源,⚠️ SELL,個股,上市普通股,30,66.1,63.52,71.26,跌破均線或RSI動能散失,T+1開盤進場，若跳空開高>2.5%放棄；觸及停損價無條件執行
6901,鑽石投資,⚠️ SELL,個股,上市普通股,45,17.7,16.64,19.81,指標嚴重過熱或乖離過高,T+1開盤進場，若跳空開高>2.5%放棄；觸及停損價無條件執行
6908,宏碁遊戲-創,⚠️ SELL,個股,上市普通股,15,26.0,24.83,28.35,跌破均線或RSI動能散失,T+1開盤進場，若跳空開高>2.5%放棄；觸及停損價無條件執行
6919,康霈*,⚠️ SELL,個股,上市普通股,15,77.5,73.6,85.3,跌破均線或RSI動能散失,T+1開盤進場，若跳空開高>2.5%放棄；觸及停損價無條件執行
6923,中台,⚠️ SELL,個股,上市普通股,20,73.4,71.05,78.09,跌破均線或RSI動能散失,T+1開盤進場，若跳空開高>2.5%放棄；觸及停損價無條件執行
6928,攸泰科技,⚠️ SELL,個股,上市普通股,30,45.0,43.21,48.59,跌破均線或RSI動能散失,T+1開盤進場，若跳空開高>2.5%放棄；觸及停損價無條件執行
6931,青松健康,⚠️ SELL,個股,上市普通股,30,37.95,37.31,39.23,跌破均線或RSI動能散失,T+1開盤進場，若跳空開高>2.5%放棄；觸及停損價無條件執行
6933,AMAX-KY,⚠️ SELL,個股,上市普通股,60,382.0,344.02,457.96,指標嚴重過熱或乖離過高,T+1開盤進場，若跳空開高>2.5%放棄；觸及停損價無條件執行
6934,心誠鎂,⚠️ SELL,個股,上市普通股,10,73.6,70.25,80.31,跌破均線或RSI動能散失,T+1開盤進場，若跳空開高>2.5%放棄；觸及停損價無條件執行
6944,兆聯實業,⚠️ SELL,個股,上市普通股,65,860.0,813.61,952.79,指標嚴重過熱或乖離過高,T+1開盤進場，若跳空開高>2.5%放棄；觸及停損價無條件執行
6949,沛爾生醫*-創,⚠️ SELL,個股,上市普通股,35,46.85,42.55,55.45,跌破均線或RSI動能散失,T+1開盤進場，若跳空開高>2.5%放棄；觸及停損價無條件執行
6951,青新-創,⚠️ SELL,個股,上市普通股,25,68.0,67.19,69.63,跌破均線或RSI動能散失,T+1開盤進場，若跳空開高>2.5%放棄；觸及停損價無條件執行
6955,邦睿生技-創,⚠️ SELL,個股,上市普通股,25,93.0,91.24,96.51,跌破均線或RSI動能散失,T+1開盤進場，若跳空開高>2.5%放棄；觸及停損價無條件執行
6957,裕慶-KY,⚠️ SELL,個股,上市普通股,60,448.0,409.96,524.07,指標嚴重過熱或乖離過高,T+1開盤進場，若跳空開高>2.5%放棄；觸及停損價無條件執行
6958,日盛台駿,⚠️ SELL,個股,上市普通股,25,16.65,16.02,17.9,跌破均線或RSI動能散失,T+1開盤進場，若跳空開高>2.5%放棄；觸及停損價無條件執行
6965,中傑-KY,⚠️ SELL,個股,上市普通股,50,65.8,63.13,71.14,跌破均線或RSI動能散失,T+1開盤進場，若跳空開高>2.5%放棄；觸及停損價無條件執行
6969,成信實業*-創,⚠️ SELL,個股,上市普通股,10,30.2,28.7,33.2,跌破均線或RSI動能散失,T+1開盤進場，若跳空開高>2.5%放棄；觸及停損價無條件執行
7689,大鵬科CLMX,⚠️ SELL,個股,上市普通股,15,156.0,149.46,169.07,跌破均線或RSI動能散失,T+1開盤進場，若跳空開高>2.5%放棄；觸及停損價無條件執行
7705,三商餐飲,⚠️ SELL,個股,上市普通股,10,29.7,29.36,30.39,跌破均線或RSI動能散失,T+1開盤進場，若跳空開高>2.5%放棄；觸及停損價無條件執行
7711,永擎,⚠️ SELL,個股,上市普通股,60,635.0,588.18,728.64,指標嚴重過熱或乖離過高,T+1開盤進場，若跳空開高>2.5%放棄；觸及停損價無條件執行
7721,微程式,⚠️ SELL,個股,上市普通股,15,61.1,58.68,65.94,跌破均線或RSI動能散失,T+1開盤進場，若跳空開高>2.5%放棄；觸及停損價無條件執行
7730,暉盛-創,⚠️ SELL,個股,上市普通股,65,201.5,189.66,225.18,指標嚴重過熱或乖離過高,T+1開盤進場，若跳空開高>2.5%放棄；觸及停損價無條件執行
7732,金興精密,⚠️ SELL,個股,上市普通股,35,33.55,32.85,34.95,跌破均線或RSI動能散失,T+1開盤進場，若跳空開高>2.5%放棄；觸及停損價無條件執行
7750,新代,⚠️ SELL,個股,上市普通股,25,1975.0,1858.75,2207.5,跌破均線或RSI動能散失,T+1開盤進場，若跳空開高>2.5%放棄；觸及停損價無條件執行
7769,鴻勁,⚠️ SELL,個股,上市普通股,10,5925.0,5468.57,6837.86,跌破均線或RSI動能散失,T+1開盤進場，若跳空開高>2.5%放棄；觸及停損價無條件執行
7786,東方風能,⚠️ SELL,個股,上市普通股,10,116.0,112.52,122.96,跌破均線或RSI動能散失,T+1開盤進場，若跳空開高>2.5%放棄；觸及停損價無條件執行
7791,皇家可口,⚠️ SELL,個股,上市普通股,35,53.9,52.66,56.39,跌破均線或RSI動能散失,T+1開盤進場，若跳空開高>2.5%放棄；觸及停損價無條件執行
7812,稜研科技*-創,⚠️ SELL,個股,上市普通股,15,64.9,59.49,75.72,跌破均線或RSI動能散失,T+1開盤進場，若跳空開高>2.5%放棄；觸及停損價無條件執行
7821,神數,⚠️ SELL,個股,上市普通股,15,35.1,34.27,36.75,跌破均線或RSI動能散失,T+1開盤進場，若跳空開高>2.5%放棄；觸及停損價無條件執行
7823,奧義賽博-KY創,⚠️ SELL,個股,上市普通股,30,79.9,77.78,84.14,跌破均線或RSI動能散失,T+1開盤進場，若跳空開高>2.5%放棄；觸及停損價無條件執行
8021,尖點,⚠️ SELL,個股,上市普通股,55,557.0,519.99,631.03,指標嚴重過熱或乖離過高,T+1開盤進場，若跳空開高>2.5%放棄；觸及停損價無條件執行
8028,昇陽半導體,⚠️ SELL,個股,上市普通股,50,285.0,265.18,324.64,指標嚴重過熱或乖離過高,T+1開盤進場，若跳空開高>2.5%放棄；觸及停損價無條件執行
8033,雷虎,⚠️ SELL,個股,上市普通股,20,170.5,163.96,183.57,跌破均線或RSI動能散失,T+1開盤進場，若跳空開高>2.5%放棄；觸及停損價無條件執行
8039,台虹,⚠️ SELL,個股,上市普通股,55,305.5,279.89,356.71,指標嚴重過熱或乖離過高,T+1開盤進場，若跳空開高>2.5%放棄；觸及停損價無條件執行
8045,達運光電,⚠️ SELL,個股,上市普通股,30,57.1,53.83,63.64,指標嚴重過熱或乖離過高,T+1開盤進場，若跳空開高>2.5%放棄；觸及停損價無條件執行
8046,南電,⚠️ SELL,個股,上市普通股,60,1475.0,1353.39,1718.21,指標嚴重過熱或乖離過高,T+1開盤進場，若跳空開高>2.5%放棄；觸及停損價無條件執行
8101,華冠,⚠️ SELL,個股,上市普通股,25,10.3,9.53,11.85,跌破均線或RSI動能散失,T+1開盤進場，若跳空開高>2.5%放棄；觸及停損價無條件執行
8114,振樺電,⚠️ SELL,個股,上市普通股,25,177.5,172.95,186.61,跌破均線或RSI動能散失,T+1開盤進場，若跳空開高>2.5%放棄；觸及停損價無條件執行
8131,福懋科,⚠️ SELL,個股,上市普通股,40,68.0,64.88,74.24,指標嚴重過熱或乖離過高,T+1開盤進場，若跳空開高>2.5%放棄；觸及停損價無條件執行
8150,南茂,⚠️ SELL,個股,上市普通股,60,128.0,115.6,152.79,指標嚴重過熱或乖離過高,T+1開盤進場，若跳空開高>2.5%放棄；觸及停損價無條件執行
8201,無敵,⚠️ SELL,個股,上市普通股,60,16.85,15.39,19.78,指標嚴重過熱或乖離過高,T+1開盤進場，若跳空開高>2.5%放棄；觸及停損價無條件執行
8210,勤誠,⚠️ SELL,個股,上市普通股,15,874.0,838.32,945.36,跌破均線或RSI動能散失,T+1開盤進場，若跳空開高>2.5%放棄；觸及停損價無條件執行
8213,志超,⚠️ SELL,個股,上市普通股,40,38.35,36.98,41.09,指標嚴重過熱或乖離過高,T+1開盤進場，若跳空開高>2.5%放棄；觸及停損價無條件執行
8163,達方,⚠️ SELL,個股,上市普通股,20,29.85,29.02,31.51,跌破均線或RSI動能散失,T+1開盤進場，若跳空開高>2.5%放棄；觸及停損價無條件執行
8222,寶一,⚠️ SELL,個股,上市普通股,10,35.1,34.38,36.54,跌破均線或RSI動能散失,T+1開盤進場，若跳空開高>2.5%放棄；觸及停損價無條件執行
8271,宇瞻,⚠️ SELL,個股,上市普通股,10,199.5,193.82,210.86,跌破均線或RSI動能散失,T+1開盤進場，若跳空開高>2.5%放棄；觸及停損價無條件執行
8341,日友,⚠️ SELL,個股,上市普通股,30,73.8,73.16,75.09,跌破均線或RSI動能散失,T+1開盤進場，若跳空開高>2.5%放棄；觸及停損價無條件執行
8374,羅昇,⚠️ SELL,個股,上市普通股,35,74.1,72.02,78.26,跌破均線或RSI動能散失,T+1開盤進場，若跳空開高>2.5%放棄；觸及停損價無條件執行
8411,福貞-KY,⚠️ SELL,個股,上市普通股,50,11.75,11.34,12.57,跌破均線或RSI動能散失,T+1開盤進場，若跳空開高>2.5%放棄；觸及停損價無條件執行
8422,可寧衛*,⚠️ SELL,個股,上市普通股,30,25.55,24.97,26.71,跌破均線或RSI動能散失,T+1開盤進場，若跳空開高>2.5%放棄；觸及停損價無條件執行
8438,昶昕,⚠️ SELL,個股,上市普通股,50,80.9,75.59,91.53,指標嚴重過熱或乖離過高,T+1開盤進場，若跳空開高>2.5%放棄；觸及停損價無條件執行
8443,阿瘦,⚠️ SELL,個股,上市普通股,50,11.15,10.98,11.49,跌破均線或RSI動能散失,T+1開盤進場，若跳空開高>2.5%放棄；觸及停損價無條件執行
8454,富邦媒,⚠️ SELL,個股,上市普通股,10,241.0,232.59,257.82,跌破均線或RSI動能散失,T+1開盤進場，若跳空開高>2.5%放棄；觸及停損價無條件執行
8462,柏文,⚠️ SELL,個股,上市普通股,40,156.0,152.14,163.71,跌破均線或RSI動能散失,T+1開盤進場，若跳空開高>2.5%放棄；觸及停損價無條件執行
8429,金麗-KY,⚠️ SELL,個股,上市普通股,30,5.9,5.8,6.09,跌破均線或RSI動能散失,T+1開盤進場，若跳空開高>2.5%放棄；觸及停損價無條件執行
8464,億豐,⚠️ SELL,個股,上市普通股,30,366.5,357.88,383.75,跌破均線或RSI動能散失,T+1開盤進場，若跳空開高>2.5%放棄；觸及停損價無條件執行
8478,東哥遊艇,⚠️ SELL,個股,上市普通股,30,140.0,137.64,144.71,跌破均線或RSI動能散失,T+1開盤進場，若跳空開高>2.5%放棄；觸及停損價無條件執行
8487,愛爾達-創,⚠️ SELL,個股,上市普通股,30,70.1,68.99,72.33,跌破均線或RSI動能散失,T+1開盤進場，若跳空開高>2.5%放棄；觸及停損價無條件執行
8488,吉源-KY,⚠️ SELL,個股,上市普通股,25,9.82,9.44,10.57,跌破均線或RSI動能散失,T+1開盤進場，若跳空開高>2.5%放棄；觸及停損價無條件執行
8499,鼎炫-KY,⚠️ SELL,個股,上市普通股,30,253.5,247.18,266.14,跌破均線或RSI動能散失,T+1開盤進場，若跳空開高>2.5%放棄；觸及停損價無條件執行
9103,美德醫療-DR,⚠️ SELL,個股,上市普通股,50,5.88,5.69,6.26,指標嚴重過熱或乖離過高,T+1開盤進場，若跳空開高>2.5%放棄；觸及停損價無條件執行
9110,越南控-DR,⚠️ SELL,個股,上市普通股,50,3.45,3.06,4.23,指標嚴重過熱或乖離過高,T+1開盤進場，若跳空開高>2.5%放棄；觸及停損價無條件執行
9136,巨騰-DR,⚠️ SELL,個股,上市普通股,15,9.2,8.81,9.97,跌破均線或RSI動能散失,T+1開盤進場，若跳空開高>2.5%放棄；觸及停損價無條件執行
8996,高力,⚠️ SELL,個股,上市普通股,75,1710.0,1543.93,2042.14,指標嚴重過熱或乖離過高,T+1開盤進場，若跳空開高>2.5%放棄；觸及停損價無條件執行
9906,欣巴巴,⚠️ SELL,個股,上市普通股,15,39.15,36.27,44.91,跌破均線或RSI動能散失,T+1開盤進場，若跳空開高>2.5%放棄；觸及停損價無條件執行
9908,大台北,⚠️ SELL,個股,上市普通股,15,28.95,28.73,29.39,跌破均線或RSI動能散失,T+1開盤進場，若跳空開高>2.5%放棄；觸及停損價無條件執行
9910,豐泰,⚠️ SELL,個股,上市普通股,10,66.3,64.73,69.45,跌破均線或RSI動能散失,T+1開盤進場，若跳空開高>2.5%放棄；觸及停損價無條件執行
9904,寶成,🔥 BUY,個股,上市普通股,85,25.05,24.56,26.02,強勢突破20日高點且多頭排列,T+1開盤進場，若跳空開高>2.5%放棄；觸及停損價無條件執行
9911,櫻花,⚠️ SELL,個股,上市普通股,15,81.3,80.68,82.54,跌破均線或RSI動能散失,T+1開盤進場，若跳空開高>2.5%放棄；觸及停損價無條件執行
9914,美利達,⚠️ SELL,個股,上市普通股,35,67.8,65.93,71.55,跌破均線或RSI動能散失,T+1開盤進場，若跳空開高>2.5%放棄；觸及停損價無條件執行
9919,康那香,⚠️ SELL,個股,上市普通股,60,16.1,15.58,17.14,指標嚴重過熱或乖離過高,T+1開盤進場，若跳空開高>2.5%放棄；觸及停損價無條件執行
9907,統一實,⚠️ SELL,個股,上市普通股,15,14.8,14.54,15.31,跌破均線或RSI動能散失,T+1開盤進場，若跳空開高>2.5%放棄；觸及停損價無條件執行
9924,福興,⚠️ SELL,個股,上市普通股,10,37.95,37.4,39.05,跌破均線或RSI動能散失,T+1開盤進場，若跳空開高>2.5%放棄；觸及停損價無條件執行
9925,新保,⚠️ SELL,個股,上市普通股,15,39.4,39.12,39.96,跌破均線或RSI動能散失,T+1開盤進場，若跳空開高>2.5%放棄；觸及停損價無條件執行
9927,泰銘,⚠️ SELL,個股,上市普通股,25,62.0,61.05,63.89,跌破均線或RSI動能散失,T+1開盤進場，若跳空開高>2.5%放棄；觸及停損價無條件執行
9930,中聯資源,⚠️ SELL,個股,上市普通股,25,58.4,57.55,60.09,跌破均線或RSI動能散失,T+1開盤進場，若跳空開高>2.5%放棄；觸及停損價無條件執行
9934,成霖,⚠️ SELL,個股,上市普通股,15,9.83,9.68,10.13,跌破均線或RSI動能散失,T+1開盤進場，若跳空開高>2.5%放棄；觸及停損價無條件執行
9935,慶豐富,⚠️ SELL,個股,上市普通股,25,18.15,17.82,18.8,跌破均線或RSI動能散失,T+1開盤進場，若跳空開高>2.5%放棄；觸及停損價無條件執行
9941,裕融,⚠️ SELL,個股,上市普通股,45,76.6,74.97,79.86,跌破均線或RSI動能散失,T+1開盤進場，若跳空開高>2.5%放棄；觸及停損價無條件執行
9942,茂順,⚠️ SELL,個股,上市普通股,10,113.0,111.29,116.43,跌破均線或RSI動能散失,T+1開盤進場，若跳空開高>2.5%放棄；觸及停損價無條件執行
9940,信義,⚠️ SELL,個股,上市普通股,20,20.0,19.49,21.03,跌破均線或RSI動能散失,T+1開盤進場，若跳空開高>2.5%放棄；觸及停損價無條件執行
9943,好樂迪,⚠️ SELL,個股,上市普通股,10,50.2,49.63,51.34,跌破均線或RSI動能散失,T+1開盤進場，若跳空開高>2.5%放棄；觸及停損價無條件執行
9946,三發地產,⚠️ SELL,個股,上市普通股,20,16.55,15.89,17.87,跌破均線或RSI動能散失,T+1開盤進場，若跳空開高>2.5%放棄；觸及停損價無條件執行
9958,世紀鋼,⚠️ SELL,個股,上市普通股,15,89.1,86.66,93.99,跌破均線或RSI動能散失,T+1開盤進場，若跳空開高>2.5%放棄；觸及停損價無條件執行
1294,漢田生技,⚠️ SELL,個股,上櫃普通股,35,49.65,48.77,51.42,跌破均線或RSI動能散失,T+1開盤進場，若跳空開高>2.5%放棄；觸及停損價無條件執行
1295,生合,⚠️ SELL,個股,上櫃普通股,45,50.1,48.13,54.03,指標嚴重過熱或乖離過高,T+1開盤進場，若跳空開高>2.5%放棄；觸及停損價無條件執行
1569,濱川,⚠️ SELL,個股,上櫃普通股,40,70.0,63.69,82.62,指標嚴重過熱或乖離過高,T+1開盤進場，若跳空開高>2.5%放棄；觸及停損價無條件執行
1580,新麥,⚠️ SELL,個股,上櫃普通股,35,97.0,95.54,99.91,跌破均線或RSI動能散失,T+1開盤進場，若跳空開高>2.5%放棄；觸及停損價無條件執行
1584,精剛,⚠️ SELL,個股,上櫃普通股,40,17.8,17.22,18.97,跌破均線或RSI動能散失,T+1開盤進場，若跳空開高>2.5%放棄；觸及停損價無條件執行
1586,和勤,⚠️ SELL,個股,上櫃普通股,10,17.8,17.39,18.62,跌破均線或RSI動能散失,T+1開盤進場，若跳空開高>2.5%放棄；觸及停損價無條件執行
1599,宏佳騰,⚠️ SELL,個股,上櫃普通股,40,22.55,22.11,23.43,跌破均線或RSI動能散失,T+1開盤進場，若跳空開高>2.5%放棄；觸及停損價無條件執行
1781,合世,⚠️ SELL,個股,上櫃普通股,65,10.9,10.59,11.53,指標嚴重過熱或乖離過高,T+1開盤進場，若跳空開高>2.5%放棄；觸及停損價無條件執行
1788,杏昌,⚠️ SELL,個股,上櫃普通股,30,127.5,126.7,129.11,跌破均線或RSI動能散失,T+1開盤進場，若跳空開高>2.5%放棄；觸及停損價無條件執行
1799,易威,⚠️ SELL,個股,上櫃普通股,10,28.6,27.75,30.3,跌破均線或RSI動能散失,T+1開盤進場，若跳空開高>2.5%放棄；觸及停損價無條件執行
1813,寶利徠,⚠️ SELL,個股,上櫃普通股,30,11.1,10.88,11.54,跌破均線或RSI動能散失,T+1開盤進場，若跳空開高>2.5%放棄；觸及停損價無條件執行
1796,金穎生技,⚠️ SELL,個股,上櫃普通股,20,29.5,28.54,31.43,跌破均線或RSI動能散失,T+1開盤進場，若跳空開高>2.5%放棄；觸及停損價無條件執行
1815,富喬,⚠️ SELL,個股,上櫃普通股,55,135.0,124.45,156.11,指標嚴重過熱或乖離過高,T+1開盤進場，若跳空開高>2.5%放棄；觸及停損價無條件執行
2061,風青,⚠️ SELL,個股,上櫃普通股,50,67.3,61.26,79.39,指標嚴重過熱或乖離過高,T+1開盤進場，若跳空開高>2.5%放棄；觸及停損價無條件執行
2063,世鎧精密,⚠️ SELL,個股,上櫃普通股,30,23.55,23.06,24.54,跌破均線或RSI動能散失,T+1開盤進場，若跳空開高>2.5%放棄；觸及停損價無條件執行
2064,晉椿,⚠️ SELL,個股,上櫃普通股,35,11.9,11.58,12.53,跌破均線或RSI動能散失,T+1開盤進場，若跳空開高>2.5%放棄；觸及停損價無條件執行
2067,嘉鋼,⚠️ SELL,個股,上櫃普通股,25,6.4,5.85,7.49,跌破均線或RSI動能散失,T+1開盤進場，若跳空開高>2.5%放棄；觸及停損價無條件執行
2073,雄順,⚠️ SELL,個股,上櫃普通股,20,25.6,25.23,26.35,跌破均線或RSI動能散失,T+1開盤進場，若跳空開高>2.5%放棄；觸及停損價無條件執行
2221,大甲,⚠️ SELL,個股,上櫃普通股,25,192.0,172.45,231.11,指標嚴重過熱或乖離過高,T+1開盤進場，若跳空開高>2.5%放棄；觸及停損價無條件執行
2641,正德,⚠️ SELL,個股,上櫃普通股,10,17.2,16.87,17.86,跌破均線或RSI動能散失,T+1開盤進場，若跳空開高>2.5%放棄；觸及停損價無條件執行
2718,全心投控,⚠️ SELL,個股,上櫃普通股,20,39.7,39.06,40.99,跌破均線或RSI動能散失,T+1開盤進場，若跳空開高>2.5%放棄；觸及停損價無條件執行
2719,燦星旅,⚠️ SELL,個股,上櫃普通股,30,19.35,18.89,20.27,跌破均線或RSI動能散失,T+1開盤進場，若跳空開高>2.5%放棄；觸及停損價無條件執行
2724,藝舍-KY,⚠️ SELL,個股,上櫃普通股,60,13.2,12.25,15.11,指標嚴重過熱或乖離過高,T+1開盤進場，若跳空開高>2.5%放棄；觸及停損價無條件執行
2726,雅茗-KY,⚠️ SELL,個股,上櫃普通股,50,7.98,7.81,8.32,跌破均線或RSI動能散失,T+1開盤進場，若跳空開高>2.5%放棄；觸及停損價無條件執行
2736,富野,⚠️ SELL,個股,上櫃普通股,10,11.15,10.97,11.5,跌破均線或RSI動能散失,T+1開盤進場，若跳空開高>2.5%放棄；觸及停損價無條件執行
2743,山富,⚠️ SELL,個股,上櫃普通股,30,51.9,50.12,55.46,跌破均線或RSI動能散失,T+1開盤進場，若跳空開高>2.5%放棄；觸及停損價無條件執行
2751,王座,🔥 BUY,個股,上櫃普通股,80,56.1,54.67,58.95,強勢突破20日高點且多頭排列,T+1開盤進場，若跳空開高>2.5%放棄；觸及停損價無條件執行
2754,亞洲藏壽司,⚠️ SELL,個股,上櫃普通股,25,67.3,65.9,70.11,跌破均線或RSI動能散失,T+1開盤進場，若跳空開高>2.5%放棄；觸及停損價無條件執行
2755,揚秦,⚠️ SELL,個股,上櫃普通股,35,98.0,96.77,100.46,跌破均線或RSI動能散失,T+1開盤進場，若跳空開高>2.5%放棄；觸及停損價無條件執行
2938,床的世界,⚠️ SELL,個股,上櫃普通股,35,18.55,18.1,19.45,跌破均線或RSI動能散失,T+1開盤進場，若跳空開高>2.5%放棄；觸及停損價無條件執行
2941,米斯特,⚠️ SELL,個股,上櫃普通股,50,31.15,29.84,33.76,跌破均線或RSI動能散失,T+1開盤進場，若跳空開高>2.5%放棄；觸及停損價無條件執行
3064,泰偉,⚠️ SELL,個股,上櫃普通股,35,14.95,14.41,16.03,跌破均線或RSI動能散失,T+1開盤進場，若跳空開高>2.5%放棄；觸及停損價無條件執行
3067,全域,⚠️ SELL,個股,上櫃普通股,25,16.3,16.0,16.9,跌破均線或RSI動能散失,T+1開盤進場，若跳空開高>2.5%放棄；觸及停損價無條件執行
3071,協禧,⚠️ SELL,個股,上櫃普通股,35,22.75,22.28,23.69,跌破均線或RSI動能散失,T+1開盤進場，若跳空開高>2.5%放棄；觸及停損價無條件執行
3095,及成,⚠️ SELL,個股,上櫃普通股,25,32.65,31.24,35.47,跌破均線或RSI動能散失,T+1開盤進場，若跳空開高>2.5%放棄；觸及停損價無條件執行
3105,穩懋,⚠️ SELL,個股,上櫃普通股,40,581.0,533.86,675.29,指標嚴重過熱或乖離過高,T+1開盤進場，若跳空開高>2.5%放棄；觸及停損價無條件執行
3114,好德,⚠️ SELL,個股,上櫃普通股,50,38.35,34.56,45.92,指標嚴重過熱或乖離過高,T+1開盤進場，若跳空開高>2.5%放棄；觸及停損價無條件執行
3118,進階,⚠️ SELL,個股,上櫃普通股,20,31.3,30.8,32.3,跌破均線或RSI動能散失,T+1開盤進場，若跳空開高>2.5%放棄；觸及停損價無條件執行
3122,笙泉,⚠️ SELL,個股,上櫃普通股,30,23.95,22.81,26.22,跌破均線或RSI動能散失,T+1開盤進場，若跳空開高>2.5%放棄；觸及停損價無條件執行
3128,昇銳,⚠️ SELL,個股,上櫃普通股,25,20.2,19.42,21.76,跌破均線或RSI動能散失,T+1開盤進場，若跳空開高>2.5%放棄；觸及停損價無條件執行
3115,富榮綱,⚠️ SELL,個股,上櫃普通股,30,8.0,7.36,9.28,跌破均線或RSI動能散失,T+1開盤進場，若跳空開高>2.5%放棄；觸及停損價無條件執行
3141,晶宏,⚠️ SELL,個股,上櫃普通股,35,79.1,72.53,92.24,跌破均線或RSI動能散失,T+1開盤進場，若跳空開高>2.5%放棄；觸及停損價無條件執行
3147,大綜,⚠️ SELL,個股,上櫃普通股,65,308.0,286.36,351.29,指標嚴重過熱或乖離過高,T+1開盤進場，若跳空開高>2.5%放棄；觸及停損價無條件執行
3171,炎洲流通,⚠️ SELL,個股,上櫃普通股,35,58.0,56.94,60.12,跌破均線或RSI動能散失,T+1開盤進場，若跳空開高>2.5%放棄；觸及停損價無條件執行
3188,鑫龍騰,⚠️ SELL,個股,上櫃普通股,35,22.85,22.29,23.96,跌破均線或RSI動能散失,T+1開盤進場，若跳空開高>2.5%放棄；觸及停損價無條件執行
3205,佰研,⚠️ SELL,個股,上櫃普通股,30,46.6,45.7,48.4,跌破均線或RSI動能散失,T+1開盤進場，若跳空開高>2.5%放棄；觸及停損價無條件執行
3213,茂訊,⚠️ SELL,個股,上櫃普通股,10,123.5,120.39,129.71,跌破均線或RSI動能散失,T+1開盤進場，若跳空開高>2.5%放棄；觸及停損價無條件執行
3217,優群,⚠️ SELL,個股,上櫃普通股,15,127.0,124.75,131.5,跌破均線或RSI動能散失,T+1開盤進場，若跳空開高>2.5%放棄；觸及停損價無條件執行
3219,倚強科,⚠️ SELL,個股,上櫃普通股,55,130.0,115.79,158.41,指標嚴重過熱或乖離過高,T+1開盤進場，若跳空開高>2.5%放棄；觸及停損價無條件執行
3218,大學光,⚠️ SELL,個股,上櫃普通股,10,133.0,130.54,137.93,跌破均線或RSI動能散失,T+1開盤進場，若跳空開高>2.5%放棄；觸及停損價無條件執行
3221,台嘉碩,⚠️ SELL,個股,上櫃普通股,60,55.0,50.9,63.21,指標嚴重過熱或乖離過高,T+1開盤進場，若跳空開高>2.5%放棄；觸及停損價無條件執行
3230,錦明,⚠️ SELL,個股,上櫃普通股,25,39.9,37.98,43.75,跌破均線或RSI動能散失,T+1開盤進場，若跳空開高>2.5%放棄；觸及停損價無條件執行
3236,千如,⚠️ SELL,個股,上櫃普通股,80,58.9,54.24,68.22,指標嚴重過熱或乖離過高,T+1開盤進場，若跳空開高>2.5%放棄；觸及停損價無條件執行
3260,威剛,⚠️ SELL,個股,上櫃普通股,10,362.5,350.96,385.59,跌破均線或RSI動能散失,T+1開盤進場，若跳空開高>2.5%放棄；觸及停損價無條件執行
3265,台星科,⚠️ SELL,個股,上櫃普通股,65,238.5,220.88,273.75,指標嚴重過熱或乖離過高,T+1開盤進場，若跳空開高>2.5%放棄；觸及停損價無條件執行
3268,海德威,⚠️ SELL,個股,上櫃普通股,40,24.4,22.94,27.32,指標嚴重過熱或乖離過高,T+1開盤進場，若跳空開高>2.5%放棄；觸及停損價無條件執行
3272,東碩,⚠️ SELL,個股,上櫃普通股,35,13.9,13.47,14.76,跌破均線或RSI動能散失,T+1開盤進場，若跳空開高>2.5%放棄；觸及停損價無條件執行
3287,廣寰科,⚠️ SELL,個股,上櫃普通股,60,43.45,40.12,50.11,指標嚴重過熱或乖離過高,T+1開盤進場，若跳空開高>2.5%放棄；觸及停損價無條件執行
3290,東浦,⚠️ SELL,個股,上櫃普通股,65,55.8,53.04,61.32,指標嚴重過熱或乖離過高,T+1開盤進場，若跳空開高>2.5%放棄；觸及停損價無條件執行
3313,斐成,⚠️ SELL,個股,上櫃普通股,30,10.35,10.1,10.85,跌破均線或RSI動能散失,T+1開盤進場，若跳空開高>2.5%放棄；觸及停損價無條件執行
3317,尼克森,⚠️ SELL,個股,上櫃普通股,65,71.5,66.09,82.32,指標嚴重過熱或乖離過高,T+1開盤進場，若跳空開高>2.5%放棄；觸及停損價無條件執行
3322,建舜電,⚠️ SELL,個股,上櫃普通股,10,10.55,9.98,11.69,跌破均線或RSI動能散失,T+1開盤進場，若跳空開高>2.5%放棄；觸及停損價無條件執行
3325,旭品,⚠️ SELL,個股,上櫃普通股,15,11.25,10.67,12.41,跌破均線或RSI動能散失,T+1開盤進場，若跳空開高>2.5%放棄；觸及停損價無條件執行
3357,臺慶科,⚠️ SELL,個股,上櫃普通股,60,226.5,214.23,251.04,指標嚴重過熱或乖離過高,T+1開盤進場，若跳空開高>2.5%放棄；觸及停損價無條件執行
3349,寶德,⚠️ SELL,個股,上櫃普通股,25,18.5,17.51,20.47,跌破均線或RSI動能散失,T+1開盤進場，若跳空開高>2.5%放棄；觸及停損價無條件執行
3374,精材,⚠️ SELL,個股,上櫃普通股,40,497.0,458.21,574.57,指標嚴重過熱或乖離過高,T+1開盤進場，若跳空開高>2.5%放棄；觸及停損價無條件執行
3373,熱映,⚠️ SELL,個股,上櫃普通股,50,18.5,17.95,19.59,指標嚴重過熱或乖離過高,T+1開盤進場，若跳空開高>2.5%放棄；觸及停損價無條件執行
3379,彬台,⚠️ SELL,個股,上櫃普通股,20,27.3,26.16,29.58,跌破均線或RSI動能散失,T+1開盤進場，若跳空開高>2.5%放棄；觸及停損價無條件執行
3441,聯一光電,⚠️ SELL,個股,上櫃普通股,45,249.5,227.16,294.18,指標嚴重過熱或乖離過高,T+1開盤進場，若跳空開高>2.5%放棄；觸及停損價無條件執行
3455,由田,⚠️ SELL,個股,上櫃普通股,60,284.0,259.3,333.39,指標嚴重過熱或乖離過高,T+1開盤進場，若跳空開高>2.5%放棄；觸及停損價無條件執行
3465,進泰電子,⚠️ SELL,個股,上櫃普通股,25,29.35,28.72,30.6,跌破均線或RSI動能散失,T+1開盤進場，若跳空開高>2.5%放棄；觸及停損價無條件執行
3466,德晉,⚠️ SELL,個股,上櫃普通股,80,28.6,27.4,31.0,指標嚴重過熱或乖離過高,T+1開盤進場，若跳空開高>2.5%放棄；觸及停損價無條件執行
3485,敘豐,⚠️ SELL,個股,上櫃普通股,50,221.5,208.38,247.75,指標嚴重過熱或乖離過高,T+1開盤進場，若跳空開高>2.5%放棄；觸及停損價無條件執行
3491,昇達科,⚠️ SELL,個股,上櫃普通股,40,1685.0,1560.18,1934.64,指標嚴重過熱或乖離過高,T+1開盤進場，若跳空開高>2.5%放棄；觸及停損價無條件執行
3492,長盛,⚠️ SELL,個股,上櫃普通股,10,19.15,18.86,19.74,跌破均線或RSI動能散失,T+1開盤進場，若跳空開高>2.5%放棄；觸及停損價無條件執行
3498,陽程,⚠️ SELL,個股,上櫃普通股,40,225.5,202.52,271.46,指標嚴重過熱或乖離過高,T+1開盤進場，若跳空開高>2.5%放棄；觸及停損價無條件執行
3512,皇龍,⚠️ SELL,個股,上櫃普通股,35,19.0,18.75,19.5,跌破均線或RSI動能散失,T+1開盤進場，若跳空開高>2.5%放棄；觸及停損價無條件執行
3521,台鋼建設,⚠️ SELL,個股,上櫃普通股,35,11.45,11.14,12.06,跌破均線或RSI動能散失,T+1開盤進場，若跳空開高>2.5%放棄；觸及停損價無條件執行
3522,御嵿,⚠️ SELL,個股,上櫃普通股,35,12.0,11.41,13.18,跌破均線或RSI動能散失,T+1開盤進場，若跳空開高>2.5%放棄；觸及停損價無條件執行
3523,迎輝,⚠️ SELL,個股,上櫃普通股,35,14.45,13.57,16.21,跌破均線或RSI動能散失,T+1開盤進場，若跳空開高>2.5%放棄；觸及停損價無條件執行
3555,博士旺,⚠️ SELL,個股,上櫃普通股,30,158.0,150.39,173.21,跌破均線或RSI動能散失,T+1開盤進場，若跳空開高>2.5%放棄；觸及停損價無條件執行
3556,禾瑞亞,⚠️ SELL,個股,上櫃普通股,45,65.7,63.37,70.35,指標嚴重過熱或乖離過高,T+1開盤進場，若跳空開高>2.5%放棄；觸及停損價無條件執行
3548,兆利,⚠️ SELL,個股,上櫃普通股,40,73.8,71.36,78.69,跌破均線或RSI動能散失,T+1開盤進場，若跳空開高>2.5%放棄；觸及停損價無條件執行
3558,神準,⚠️ SELL,個股,上櫃普通股,55,135.5,130.36,145.79,指標嚴重過熱或乖離過高,T+1開盤進場，若跳空開高>2.5%放棄；觸及停損價無條件執行
3577,泓格,⚠️ SELL,個股,上櫃普通股,20,106.0,99.89,118.21,跌破均線或RSI動能散失,T+1開盤進場，若跳空開高>2.5%放棄；觸及停損價無條件執行
3564,其陽,⚠️ SELL,個股,上櫃普通股,60,66.9,62.06,76.59,指標嚴重過熱或乖離過高,T+1開盤進場，若跳空開高>2.5%放棄；觸及停損價無條件執行
3597,映興,⚠️ SELL,個股,上櫃普通股,50,40.4,38.2,44.79,指標嚴重過熱或乖離過高,T+1開盤進場，若跳空開高>2.5%放棄；觸及停損價無條件執行
3594,磐儀,⚠️ SELL,個股,上櫃普通股,10,46.25,44.66,49.42,跌破均線或RSI動能散失,T+1開盤進場，若跳空開高>2.5%放棄；觸及停損價無條件執行
3609,三一東林,⚠️ SELL,個股,上櫃普通股,50,25.1,23.19,28.91,指標嚴重過熱或乖離過高,T+1開盤進場，若跳空開高>2.5%放棄；觸及停損價無條件執行
3615,安可,⚠️ SELL,個股,上櫃普通股,50,42.9,39.01,50.69,指標嚴重過熱或乖離過高,T+1開盤進場，若跳空開高>2.5%放棄；觸及停損價無條件執行
3624,光頡,⚠️ SELL,個股,上櫃普通股,75,175.0,157.59,209.82,指標嚴重過熱或乖離過高,T+1開盤進場，若跳空開高>2.5%放棄；觸及停損價無條件執行
3625,西勝,⚠️ SELL,個股,上櫃普通股,25,19.86,18.09,23.39,跌破均線或RSI動能散失,T+1開盤進場，若跳空開高>2.5%放棄；觸及停損價無條件執行
3631,晟楠,⚠️ SELL,個股,上櫃普通股,75,47.05,44.66,51.83,指標嚴重過熱或乖離過高,T+1開盤進場，若跳空開高>2.5%放棄；觸及停損價無條件執行
3632,研勤,⚠️ SELL,個股,上櫃普通股,20,13.2,13.02,13.54,跌破均線或RSI動能散失,T+1開盤進場，若跳空開高>2.5%放棄；觸及停損價無條件執行
3666,光耀,⚠️ SELL,個股,上櫃普通股,40,26.6,26.05,27.69,指標嚴重過熱或乖離過高,T+1開盤進場，若跳空開高>2.5%放棄；觸及停損價無條件執行
3672,康聯訊,⚠️ SELL,個股,上櫃普通股,25,11.9,11.17,13.37,跌破均線或RSI動能散失,T+1開盤進場，若跳空開高>2.5%放棄；觸及停損價無條件執行
3663,鑫科,⚠️ SELL,個股,上櫃普通股,15,61.6,58.04,68.71,跌破均線或RSI動能散失,T+1開盤進場，若跳空開高>2.5%放棄；觸及停損價無條件執行
3675,德微,⚠️ SELL,個股,上櫃普通股,40,344.0,311.86,408.29,指標嚴重過熱或乖離過高,T+1開盤進場，若跳空開高>2.5%放棄；觸及停損價無條件執行
3684,榮昌,⚠️ SELL,個股,上櫃普通股,40,62.5,59.98,67.54,指標嚴重過熱或乖離過高,T+1開盤進場，若跳空開高>2.5%放棄；觸及停損價無條件執行
3687,歐買尬,⚠️ SELL,個股,上櫃普通股,10,60.7,59.46,63.19,跌破均線或RSI動能散失,T+1開盤進場，若跳空開高>2.5%放棄；觸及停損價無條件執行
3691,碩禾,⚠️ SELL,個股,上櫃普通股,15,103.5,94.19,122.12,跌破均線或RSI動能散失,T+1開盤進場，若跳空開高>2.5%放棄；觸及停損價無條件執行
3707,漢磊,⚠️ SELL,個股,上櫃普通股,55,85.9,78.52,100.66,指標嚴重過熱或乖離過高,T+1開盤進場，若跳空開高>2.5%放棄；觸及停損價無條件執行
4105,東洋,🔥 BUY,個股,上櫃普通股,100,80.9,79.71,83.28,強勢突破20日高點且多頭排列,T+1開盤進場，若跳空開高>2.5%放棄；觸及停損價無條件執行
4107,邦特,⚠️ SELL,個股,上櫃普通股,15,109.5,108.16,112.18,跌破均線或RSI動能散失,T+1開盤進場，若跳空開高>2.5%放棄；觸及停損價無條件執行
4120,友華,⚠️ SELL,個股,上櫃普通股,15,46.0,45.21,47.57,跌破均線或RSI動能散失,T+1開盤進場，若跳空開高>2.5%放棄；觸及停損價無條件執行
4127,天良,⚠️ SELL,個股,上櫃普通股,40,40.55,36.31,49.03,跌破均線或RSI動能散失,T+1開盤進場，若跳空開高>2.5%放棄；觸及停損價無條件執行
4139,馬光-KY,⚠️ SELL,個股,上櫃普通股,90,45.0,42.96,49.07,指標嚴重過熱或乖離過高,T+1開盤進場，若跳空開高>2.5%放棄；觸及停損價無條件執行
4131,浩泰,⚠️ SELL,個股,上櫃普通股,25,31.2,29.15,35.29,跌破均線或RSI動能散失,T+1開盤進場，若跳空開高>2.5%放棄；觸及停損價無條件執行
4153,鈺緯,⚠️ SELL,個股,上櫃普通股,35,30.9,30.19,32.32,跌破均線或RSI動能散失,T+1開盤進場，若跳空開高>2.5%放棄；觸及停損價無條件執行
4161,聿新科,⚠️ SELL,個股,上櫃普通股,15,21.4,21.04,22.13,跌破均線或RSI動能散失,T+1開盤進場，若跳空開高>2.5%放棄；觸及停損價無條件執行
4171,瑞基,⚠️ SELL,個股,上櫃普通股,50,19.85,19.05,21.45,指標嚴重過熱或乖離過高,T+1開盤進場，若跳空開高>2.5%放棄；觸及停損價無條件執行
4167,松瑞藥,⚠️ SELL,個股,上櫃普通股,75,22.0,21.21,23.59,指標嚴重過熱或乖離過高,T+1開盤進場，若跳空開高>2.5%放棄；觸及停損價無條件執行
4174,浩鼎,⚠️ SELL,個股,上櫃普通股,45,53.7,48.66,63.78,指標嚴重過熱或乖離過高,T+1開盤進場，若跳空開高>2.5%放棄；觸及停損價無條件執行
4205,中華食,⚠️ SELL,個股,上櫃普通股,35,67.8,67.33,68.74,跌破均線或RSI動能散失,T+1開盤進場，若跳空開高>2.5%放棄；觸及停損價無條件執行
4207,環泰,⚠️ SELL,個股,上櫃普通股,45,19.45,19.16,20.03,跌破均線或RSI動能散失,T+1開盤進場，若跳空開高>2.5%放棄；觸及停損價無條件執行
4192,杏國,⚠️ SELL,個股,上櫃普通股,50,18.0,17.36,19.27,跌破均線或RSI動能散失,T+1開盤進場，若跳空開高>2.5%放棄；觸及停損價無條件執行
4304,勝昱,⚠️ SELL,個股,上櫃普通股,25,16.65,14.74,20.48,跌破均線或RSI動能散失,T+1開盤進場，若跳空開高>2.5%放棄；觸及停損價無條件執行
4305,世坤,⚠️ SELL,個股,上櫃普通股,40,40.95,40.61,41.63,跌破均線或RSI動能散失,T+1開盤進場，若跳空開高>2.5%放棄；觸及停損價無條件執行
4402,郡都開發,⚠️ SELL,個股,上櫃普通股,15,13.35,12.46,15.14,跌破均線或RSI動能散失,T+1開盤進場，若跳空開高>2.5%放棄；觸及停損價無條件執行
4303,信立,⚠️ SELL,個股,上櫃普通股,40,31.65,30.36,34.22,跌破均線或RSI動能散失,T+1開盤進場，若跳空開高>2.5%放棄；觸及停損價無條件執行
4430,耀億,⚠️ SELL,個股,上櫃普通股,75,19.55,18.75,21.16,指標嚴重過熱或乖離過高,T+1開盤進場，若跳空開高>2.5%放棄；觸及停損價無條件執行
4433,興采,⚠️ SELL,個股,上櫃普通股,25,17.9,17.4,18.91,跌破均線或RSI動能散失,T+1開盤進場，若跳空開高>2.5%放棄；觸及停損價無條件執行
4506,崇友,⚠️ SELL,個股,上櫃普通股,30,118.0,116.55,120.89,跌破均線或RSI動能散失,T+1開盤進場，若跳空開高>2.5%放棄；觸及停損價無條件執行
4432,銘旺實,⚠️ SELL,個股,上櫃普通股,10,15.2,14.84,15.92,跌破均線或RSI動能散失,T+1開盤進場，若跳空開高>2.5%放棄；觸及停損價無條件執行
4528,江興鍛,⚠️ SELL,個股,上櫃普通股,35,14.8,14.5,15.4,跌破均線或RSI動能散失,T+1開盤進場，若跳空開高>2.5%放棄；觸及停損價無條件執行
4529,淳紳,⚠️ SELL,個股,上櫃普通股,25,3.31,3.22,3.5,跌破均線或RSI動能散失,T+1開盤進場，若跳空開高>2.5%放棄；觸及停損價無條件執行
4535,至興,⚠️ SELL,個股,上櫃普通股,15,26.5,26.0,27.51,跌破均線或RSI動能散失,T+1開盤進場，若跳空開高>2.5%放棄；觸及停損價無條件執行
4541,晟田,⚠️ SELL,個股,上櫃普通股,30,58.8,56.14,64.11,跌破均線或RSI動能散失,T+1開盤進場，若跳空開高>2.5%放棄；觸及停損價無條件執行
4543,萬在,⚠️ SELL,個股,上櫃普通股,50,32.55,31.31,35.02,指標嚴重過熱或乖離過高,T+1開盤進場，若跳空開高>2.5%放棄；觸及停損價無條件執行
4556,旭然,⚠️ SELL,個股,上櫃普通股,45,145.0,130.79,173.41,指標嚴重過熱或乖離過高,T+1開盤進場，若跳空開高>2.5%放棄；觸及停損價無條件執行
4558,寶緯,⚠️ SELL,個股,上櫃普通股,30,17.05,16.67,17.8,跌破均線或RSI動能散失,T+1開盤進場，若跳空開高>2.5%放棄；觸及停損價無條件執行
4563,百德,⚠️ SELL,個股,上櫃普通股,50,53.2,50.12,59.36,指標嚴重過熱或乖離過高,T+1開盤進場，若跳空開高>2.5%放棄；觸及停損價無條件執行
4568,科際精密,⚠️ SELL,個股,上櫃普通股,25,39.0,38.09,40.82,跌破均線或RSI動能散失,T+1開盤進場，若跳空開高>2.5%放棄；觸及停損價無條件執行
4706,大恭,⚠️ SELL,個股,上櫃普通股,50,45.0,42.92,49.17,指標嚴重過熱或乖離過高,T+1開盤進場，若跳空開高>2.5%放棄；觸及停損價無條件執行
4707,磐亞,⚠️ SELL,個股,上櫃普通股,55,32.8,30.07,38.25,指標嚴重過熱或乖離過高,T+1開盤進場，若跳空開高>2.5%放棄；觸及停損價無條件執行
4716,大立,⚠️ SELL,個股,上櫃普通股,30,19.75,18.35,22.55,指標嚴重過熱或乖離過高,T+1開盤進場，若跳空開高>2.5%放棄；觸及停損價無條件執行
4747,強生*,⚠️ SELL,個股,上櫃普通股,35,23.35,22.58,24.88,跌破均線或RSI動能散失,T+1開盤進場，若跳空開高>2.5%放棄；觸及停損價無條件執行
4768,晶呈科技,⚠️ SELL,個股,上櫃普通股,50,365.5,334.7,427.11,指標嚴重過熱或乖離過高,T+1開盤進場，若跳空開高>2.5%放棄；觸及停損價無條件執行
4772,台特化,⚠️ SELL,個股,上櫃普通股,50,274.5,259.71,304.07,指標嚴重過熱或乖離過高,T+1開盤進場，若跳空開高>2.5%放棄；觸及停損價無條件執行
4806,桂田文創,⚠️ SELL,個股,上櫃普通股,35,11.25,10.33,13.09,跌破均線或RSI動能散失,T+1開盤進場，若跳空開高>2.5%放棄；觸及停損價無條件執行
4903,聯光通,⚠️ SELL,個股,上櫃普通股,40,45.95,41.9,54.05,指標嚴重過熱或乖離過高,T+1開盤進場，若跳空開高>2.5%放棄；觸及停損價無條件執行
4905,台聯電,⚠️ SELL,個股,上櫃普通股,40,89.0,82.78,101.45,指標嚴重過熱或乖離過高,T+1開盤進場，若跳空開高>2.5%放棄；觸及停損價無條件執行
4907,富宇,⚠️ SELL,個股,上櫃普通股,25,42.85,41.19,46.16,跌破均線或RSI動能散失,T+1開盤進場，若跳空開高>2.5%放棄；觸及停損價無條件執行
4911,德英,⚠️ SELL,個股,上櫃普通股,45,28.0,27.51,28.98,跌破均線或RSI動能散失,T+1開盤進場，若跳空開高>2.5%放棄；觸及停損價無條件執行
4760,勤凱科技,⚠️ SELL,個股,上櫃普通股,90,367.0,340.91,419.18,指標嚴重過熱或乖離過高,T+1開盤進場，若跳空開高>2.5%放棄；觸及停損價無條件執行
4924,欣厚-KY,⚠️ SELL,個股,上櫃普通股,75,17.15,14.89,21.67,指標嚴重過熱或乖離過高,T+1開盤進場，若跳空開高>2.5%放棄；觸及停損價無條件執行
4966,譜瑞-KY,⚠️ SELL,個股,上櫃普通股,20,558.0,539.89,594.21,跌破均線或RSI動能散失,T+1開盤進場，若跳空開高>2.5%放棄；觸及停損價無條件執行
4953,緯致,⚠️ SELL,個股,上櫃普通股,10,117.0,113.84,123.32,跌破均線或RSI動能散失,T+1開盤進場，若跳空開高>2.5%放棄；觸及停損價無條件執行
4972,湯石照明,⚠️ SELL,個股,上櫃普通股,50,16.2,15.89,16.81,跌破均線或RSI動能散失,T+1開盤進場，若跳空開高>2.5%放棄；觸及停損價無條件執行
4995,晶達,⚠️ SELL,個股,上櫃普通股,20,46.8,44.84,50.72,跌破均線或RSI動能散失,T+1開盤進場，若跳空開高>2.5%放棄；觸及停損價無條件執行
4973,廣穎電通,⚠️ SELL,個股,上櫃普通股,65,149.0,143.16,160.68,指標嚴重過熱或乖離過高,T+1開盤進場，若跳空開高>2.5%放棄；觸及停損價無條件執行
5011,久陽,⚠️ SELL,個股,上櫃普通股,55,22.45,20.75,25.86,指標嚴重過熱或乖離過高,T+1開盤進場，若跳空開高>2.5%放棄；觸及停損價無條件執行
5013,強新,⚠️ SELL,個股,上櫃普通股,45,53.0,48.0,63.01,指標嚴重過熱或乖離過高,T+1開盤進場，若跳空開高>2.5%放棄；觸及停損價無條件執行
5205,中茂,⚠️ SELL,個股,上櫃普通股,50,33.3,31.35,37.2,指標嚴重過熱或乖離過高,T+1開盤進場，若跳空開高>2.5%放棄；觸及停損價無條件執行
5213,亞昕,⚠️ SELL,個股,上櫃普通股,25,20.05,19.55,21.05,跌破均線或RSI動能散失,T+1開盤進場，若跳空開高>2.5%放棄；觸及停損價無條件執行
5223,安力-KY,⚠️ SELL,個股,上櫃普通股,25,22.4,21.81,23.59,跌破均線或RSI動能散失,T+1開盤進場，若跳空開高>2.5%放棄；觸及停損價無條件執行
5227,立凱-KY,⚠️ SELL,個股,上櫃普通股,20,28.8,26.91,32.58,跌破均線或RSI動能散失,T+1開盤進場，若跳空開高>2.5%放棄；觸及停損價無條件執行
5228,鈺鎧,⚠️ SELL,個股,上櫃普通股,60,61.3,57.14,69.61,指標嚴重過熱或乖離過高,T+1開盤進場，若跳空開高>2.5%放棄；觸及停損價無條件執行
5245,智晶,⚠️ SELL,個股,上櫃普通股,10,19.95,19.0,21.86,跌破均線或RSI動能散失,T+1開盤進場，若跳空開高>2.5%放棄；觸及停損價無條件執行
5230,雷笛克光學,⚠️ SELL,個股,上櫃普通股,75,25.0,22.99,29.02,指標嚴重過熱或乖離過高,T+1開盤進場，若跳空開高>2.5%放棄；觸及停損價無條件執行
5278,尚凡*,⚠️ SELL,個股,上櫃普通股,35,23.1,22.34,24.62,跌破均線或RSI動能散失,T+1開盤進場，若跳空開高>2.5%放棄；觸及停損價無條件執行
5289,宜鼎,⚠️ SELL,個股,上櫃普通股,10,1250.0,1187.86,1374.29,跌破均線或RSI動能散失,T+1開盤進場，若跳空開高>2.5%放棄；觸及停損價無條件執行
5301,寶得利,⚠️ SELL,個股,上櫃普通股,25,5.8,5.6,6.21,跌破均線或RSI動能散失,T+1開盤進場，若跳空開高>2.5%放棄；觸及停損價無條件執行
5309,系統電,⚠️ SELL,個股,上櫃普通股,50,67.8,63.26,76.89,指標嚴重過熱或乖離過高,T+1開盤進場，若跳空開高>2.5%放棄；觸及停損價無條件執行
5312,寶島科,⚠️ SELL,個股,上櫃普通股,25,89.3,88.3,91.29,跌破均線或RSI動能散失,T+1開盤進場，若跳空開高>2.5%放棄；觸及停損價無條件執行
5340,建榮,⚠️ SELL,個股,上櫃普通股,70,94.4,89.36,104.47,指標嚴重過熱或乖離過高,T+1開盤進場，若跳空開高>2.5%放棄；觸及停損價無條件執行
5347,世界,⚠️ SELL,個股,上櫃普通股,50,186.5,174.02,211.46,指標嚴重過熱或乖離過高,T+1開盤進場，若跳空開高>2.5%放棄；觸及停損價無條件執行
5345,馥鴻,⚠️ SELL,個股,上櫃普通股,30,21.55,20.19,24.26,跌破均線或RSI動能散失,T+1開盤進場，若跳空開高>2.5%放棄；觸及停損價無條件執行
5355,佳總,⚠️ SELL,個股,上櫃普通股,60,7.77,7.29,8.73,指標嚴重過熱或乖離過高,T+1開盤進場，若跳空開高>2.5%放棄；觸及停損價無條件執行
5381,光譜,⚠️ SELL,個股,上櫃普通股,40,21.6,20.6,23.59,跌破均線或RSI動能散失,T+1開盤進場，若跳空開高>2.5%放棄；觸及停損價無條件執行
5392,能率,⚠️ SELL,個股,上櫃普通股,40,38.2,37.03,40.55,跌破均線或RSI動能散失,T+1開盤進場，若跳空開高>2.5%放棄；觸及停損價無條件執行
5398,慕康生醫,⚠️ SELL,個股,上櫃普通股,55,15.3,14.68,16.54,指標嚴重過熱或乖離過高,T+1開盤進場，若跳空開高>2.5%放棄；觸及停損價無條件執行
5403,中菲,⚠️ SELL,個股,上櫃普通股,30,91.8,90.98,93.45,跌破均線或RSI動能散失,T+1開盤進場，若跳空開高>2.5%放棄；觸及停損價無條件執行
5432,新門,⚠️ SELL,個股,上櫃普通股,65,179.5,163.16,212.18,指標嚴重過熱或乖離過高,T+1開盤進場，若跳空開高>2.5%放棄；觸及停損價無條件執行
5452,佶優,⚠️ SELL,個股,上櫃普通股,65,30.45,29.03,33.3,指標嚴重過熱或乖離過高,T+1開盤進場，若跳空開高>2.5%放棄；觸及停損價無條件執行
5457,宣德,⚠️ SELL,個股,上櫃普通股,25,23.3,21.99,25.91,跌破均線或RSI動能散失,T+1開盤進場，若跳空開高>2.5%放棄；觸及停損價無條件執行
5468,凱鈺,⚠️ SELL,個股,上櫃普通股,20,23.95,22.99,25.88,跌破均線或RSI動能散失,T+1開盤進場，若跳空開高>2.5%放棄；觸及停損價無條件執行
5460,同協,⚠️ SELL,個股,上櫃普通股,60,20.75,19.75,22.75,指標嚴重過熱或乖離過高,T+1開盤進場，若跳空開高>2.5%放棄；觸及停損價無條件執行
5475,德宏,⚠️ SELL,個股,上櫃普通股,75,203.0,188.54,231.93,指標嚴重過熱或乖離過高,T+1開盤進場，若跳空開高>2.5%放棄；觸及停損價無條件執行
5478,智冠,⚠️ SELL,個股,上櫃普通股,25,97.1,96.39,98.51,跌破均線或RSI動能散失,T+1開盤進場，若跳空開高>2.5%放棄；觸及停損價無條件執行
5465,富驊,⚠️ SELL,個股,上櫃普通股,50,32.75,29.84,38.58,指標嚴重過熱或乖離過高,T+1開盤進場，若跳空開高>2.5%放棄；觸及停損價無條件執行
5481,新華,⚠️ SELL,個股,上櫃普通股,45,20.45,19.63,22.09,跌破均線或RSI動能散失,T+1開盤進場，若跳空開高>2.5%放棄；觸及停損價無條件執行
5483,中美晶,⚠️ SELL,個股,上櫃普通股,60,216.5,198.02,253.46,指標嚴重過熱或乖離過高,T+1開盤進場，若跳空開高>2.5%放棄；觸及停損價無條件執行
5489,彩富,⚠️ SELL,個股,上櫃普通股,35,41.5,39.07,46.35,跌破均線或RSI動能散失,T+1開盤進場，若跳空開高>2.5%放棄；觸及停損價無條件執行
5490,同亨,⚠️ SELL,個股,上櫃普通股,25,25.4,24.87,26.46,跌破均線或RSI動能散失,T+1開盤進場，若跳空開高>2.5%放棄；觸及停損價無條件執行
5512,力麒,⚠️ SELL,個股,上櫃普通股,15,7.54,7.37,7.88,跌破均線或RSI動能散失,T+1開盤進場，若跳空開高>2.5%放棄；觸及停損價無條件執行
5530,龍巖,⚠️ SELL,個股,上櫃普通股,50,48.15,47.19,50.07,跌破均線或RSI動能散失,T+1開盤進場，若跳空開高>2.5%放棄；觸及停損價無條件執行
5536,聖暉*,⚠️ SELL,個股,上櫃普通股,45,1030.0,969.36,1151.29,指標嚴重過熱或乖離過高,T+1開盤進場，若跳空開高>2.5%放棄；觸及停損價無條件執行
5548,安倉,⚠️ SELL,個股,上櫃普通股,35,20.1,19.86,20.57,跌破均線或RSI動能散失,T+1開盤進場，若跳空開高>2.5%放棄；觸及停損價無條件執行
5516,雙喜,👀 WATCH,個股,上櫃普通股,85,12.7,12.25,13.6,強勢突破20日高點且多頭排列,T+1開盤進場，若跳空開高>2.5%放棄；觸及停損價無條件執行
5601,台聯櫃,⚠️ SELL,個股,上櫃普通股,50,29.3,28.56,30.79,跌破均線或RSI動能散失,T+1開盤進場，若跳空開高>2.5%放棄；觸及停損價無條件執行
5701,劍湖山,⚠️ SELL,個股,上櫃普通股,30,4.0,3.78,4.45,跌破均線或RSI動能散失,T+1開盤進場，若跳空開高>2.5%放棄；觸及停損價無條件執行
5878,台名,⚠️ SELL,個股,上櫃普通股,25,37.5,37.37,37.76,跌破均線或RSI動能散失,T+1開盤進場，若跳空開高>2.5%放棄；觸及停損價無條件執行
5902,德記,⚠️ SELL,個股,上櫃普通股,25,34.0,33.2,35.6,跌破均線或RSI動能散失,T+1開盤進場，若跳空開高>2.5%放棄；觸及停損價無條件執行
5904,寶雅*,⚠️ SELL,個股,上櫃普通股,20,69.5,67.67,73.16,跌破均線或RSI動能散失,T+1開盤進場，若跳空開高>2.5%放棄；觸及停損價無條件執行
6020,大展證,⚠️ SELL,個股,上櫃普通股,10,20.5,20.14,21.22,跌破均線或RSI動能散失,T+1開盤進場，若跳空開高>2.5%放棄；觸及停損價無條件執行
6111,光聚晶電,⚠️ SELL,個股,上櫃普通股,15,35.5,33.87,38.76,跌破均線或RSI動能散失,T+1開盤進場，若跳空開高>2.5%放棄；觸及停損價無條件執行
6028,公勝保經,⚠️ SELL,個股,上櫃普通股,75,113.5,109.28,121.94,指標嚴重過熱或乖離過高,T+1開盤進場，若跳空開高>2.5%放棄；觸及停損價無條件執行
6114,久威,⚠️ SELL,個股,上櫃普通股,10,22.6,21.95,23.91,跌破均線或RSI動能散失,T+1開盤進場，若跳空開高>2.5%放棄；觸及停損價無條件執行
6104,創惟,⚠️ SELL,個股,上櫃普通股,15,87.3,85.15,91.61,跌破均線或RSI動能散失,T+1開盤進場，若跳空開高>2.5%放棄；觸及停損價無條件執行
6121,新普,⚠️ SELL,個股,上櫃普通股,20,364.0,354.79,382.43,跌破均線或RSI動能散失,T+1開盤進場，若跳空開高>2.5%放棄；觸及停損價無條件執行
6122,擎邦,⚠️ SELL,個股,上櫃普通股,60,63.0,59.06,70.89,指標嚴重過熱或乖離過高,T+1開盤進場，若跳空開高>2.5%放棄；觸及停損價無條件執行
6123,上奇,⚠️ SELL,個股,上櫃普通股,30,42.5,41.74,44.02,跌破均線或RSI動能散失,T+1開盤進場，若跳空開高>2.5%放棄；觸及停損價無條件執行
6127,九豪,⚠️ SELL,個股,上櫃普通股,75,64.1,59.73,72.84,指標嚴重過熱或乖離過高,T+1開盤進場，若跳空開高>2.5%放棄；觸及停損價無條件執行
6129,普誠,⚠️ SELL,個股,上櫃普通股,25,14.25,13.57,15.61,跌破均線或RSI動能散失,T+1開盤進場，若跳空開高>2.5%放棄；觸及停損價無條件執行
6130,上亞科技,⚠️ SELL,個股,上櫃普通股,35,23.0,22.0,25.0,跌破均線或RSI動能散失,T+1開盤進場，若跳空開高>2.5%放棄；觸及停損價無條件執行
6138,茂達,⚠️ SELL,個股,上櫃普通股,10,267.0,255.32,290.36,跌破均線或RSI動能散失,T+1開盤進場，若跳空開高>2.5%放棄；觸及停損價無條件執行
6143,振曜,⚠️ SELL,個股,上櫃普通股,40,77.0,75.27,80.45,跌破均線或RSI動能散失,T+1開盤進場，若跳空開高>2.5%放棄；觸及停損價無條件執行
6156,松上,⚠️ SELL,個股,上櫃普通股,40,23.8,22.78,25.85,指標嚴重過熱或乖離過高,T+1開盤進場，若跳空開高>2.5%放棄；觸及停損價無條件執行
6160,欣技,⚠️ SELL,個股,上櫃普通股,10,13.95,13.49,14.87,跌破均線或RSI動能散失,T+1開盤進場，若跳空開高>2.5%放棄；觸及停損價無條件執行
6161,捷波,⚠️ SELL,個股,上櫃普通股,30,49.0,47.54,51.92,跌破均線或RSI動能散失,T+1開盤進場，若跳空開高>2.5%放棄；觸及停損價無條件執行
6169,昱泉,⚠️ SELL,個股,上櫃普通股,50,12.0,11.65,12.7,跌破均線或RSI動能散失,T+1開盤進場，若跳空開高>2.5%放棄；觸及停損價無條件執行
6170,統振,🔥 BUY,個股,上櫃普通股,85,49.6,48.86,51.09,強勢突破20日高點且多頭排列,T+1開盤進場，若跳空開高>2.5%放棄；觸及停損價無條件執行
6175,立敦,⚠️ SELL,個股,上櫃普通股,65,77.9,73.95,85.81,指標嚴重過熱或乖離過高,T+1開盤進場，若跳空開高>2.5%放棄；觸及停損價無條件執行
6180,橘子,⚠️ SELL,個股,上櫃普通股,35,39.15,38.21,41.04,跌破均線或RSI動能散失,T+1開盤進場，若跳空開高>2.5%放棄；觸及停損價無條件執行
6174,安碁,⚠️ SELL,個股,上櫃普通股,75,64.0,58.75,74.5,指標嚴重過熱或乖離過高,T+1開盤進場，若跳空開高>2.5%放棄；觸及停損價無條件執行
6182,合晶,⚠️ SELL,個股,上櫃普通股,50,129.0,115.55,155.89,指標嚴重過熱或乖離過高,T+1開盤進場，若跳空開高>2.5%放棄；觸及停損價無條件執行
6186,新潤,⚠️ SELL,個股,上櫃普通股,35,28.9,28.25,30.21,跌破均線或RSI動能散失,T+1開盤進場，若跳空開高>2.5%放棄；觸及停損價無條件執行
6185,幃翔,⚠️ SELL,個股,上櫃普通股,40,12.3,12.01,12.89,跌破均線或RSI動能散失,T+1開盤進場，若跳空開高>2.5%放棄；觸及停損價無條件執行
6187,萬潤,⚠️ SELL,個股,上櫃普通股,40,1525.0,1398.04,1778.93,指標嚴重過熱或乖離過高,T+1開盤進場，若跳空開高>2.5%放棄；觸及停損價無條件執行
6190,萬泰科,⚠️ SELL,個股,上櫃普通股,40,76.5,73.0,83.51,指標嚴重過熱或乖離過高,T+1開盤進場，若跳空開高>2.5%放棄；觸及停損價無條件執行
6199,天品,⚠️ SELL,個股,上櫃普通股,75,142.0,134.23,157.54,指標嚴重過熱或乖離過高,T+1開盤進場，若跳空開高>2.5%放棄；觸及停損價無條件執行
6207,雷科,⚠️ SELL,個股,上櫃普通股,50,146.0,132.29,173.43,指標嚴重過熱或乖離過高,T+1開盤進場，若跳空開高>2.5%放棄；觸及停損價無條件執行
6204,艾華,⚠️ SELL,個股,上櫃普通股,60,111.5,99.39,135.71,指標嚴重過熱或乖離過高,T+1開盤進場，若跳空開高>2.5%放棄；觸及停損價無條件執行
6219,富旺,⚠️ SELL,個股,上櫃普通股,10,12.0,11.68,12.63,跌破均線或RSI動能散失,T+1開盤進場，若跳空開高>2.5%放棄；觸及停損價無條件執行
6233,旺玖,⚠️ SELL,個股,上櫃普通股,40,25.15,24.11,27.24,指標嚴重過熱或乖離過高,T+1開盤進場，若跳空開高>2.5%放棄；觸及停損價無條件執行
6242,立康,⚠️ SELL,個股,上櫃普通股,25,33.85,33.74,34.07,跌破均線或RSI動能散失,T+1開盤進場，若跳空開高>2.5%放棄；觸及停損價無條件執行
6244,茂迪,⚠️ SELL,個股,上櫃普通股,25,22.3,20.86,25.18,跌破均線或RSI動能散失,T+1開盤進場，若跳空開高>2.5%放棄；觸及停損價無條件執行
6259,百徽,⚠️ SELL,個股,上櫃普通股,55,33.1,31.44,36.42,指標嚴重過熱或乖離過高,T+1開盤進場，若跳空開高>2.5%放棄；觸及停損價無條件執行
6261,久元,⚠️ SELL,個股,上櫃普通股,20,76.4,73.46,82.27,跌破均線或RSI動能散失,T+1開盤進場，若跳空開高>2.5%放棄；觸及停損價無條件執行
6263,普萊德,⚠️ SELL,個股,上櫃普通股,65,176.0,169.36,189.29,指標嚴重過熱或乖離過高,T+1開盤進場，若跳空開高>2.5%放棄；觸及停損價無條件執行
6274,台燿,⚠️ SELL,個股,上櫃普通股,60,1740.0,1590.0,2040.0,指標嚴重過熱或乖離過高,T+1開盤進場，若跳空開高>2.5%放棄；觸及停損價無條件執行
6276,安鈦克,⚠️ SELL,個股,上櫃普通股,25,19.0,18.04,20.93,跌破均線或RSI動能散失,T+1開盤進場，若跳空開高>2.5%放棄；觸及停損價無條件執行
6411,晶焱,⚠️ SELL,個股,上櫃普通股,20,77.5,75.39,81.72,跌破均線或RSI動能散失,T+1開盤進場，若跳空開高>2.5%放棄；觸及停損價無條件執行
6432,今展科,⚠️ SELL,個股,上櫃普通股,30,66.2,60.62,77.36,指標嚴重過熱或乖離過高,T+1開盤進場，若跳空開高>2.5%放棄；觸及停損價無條件執行
6461,益得,⚠️ SELL,個股,上櫃普通股,40,29.2,27.46,32.68,指標嚴重過熱或乖離過高,T+1開盤進場，若跳空開高>2.5%放棄；觸及停損價無條件執行
6465,威潤,⚠️ SELL,個股,上櫃普通股,30,41.7,39.53,46.04,跌破均線或RSI動能散失,T+1開盤進場，若跳空開高>2.5%放棄；觸及停損價無條件執行
6474,華豫寧,⚠️ SELL,個股,上櫃普通股,25,35.45,35.02,36.31,跌破均線或RSI動能散失,T+1開盤進場，若跳空開高>2.5%放棄；觸及停損價無條件執行
6482,弘煜科,⚠️ SELL,個股,上櫃普通股,35,23.2,22.55,24.51,跌破均線或RSI動能散失,T+1開盤進場，若跳空開高>2.5%放棄；觸及停損價無條件執行
6485,點序,⚠️ SELL,個股,上櫃普通股,65,81.2,72.62,98.36,指標嚴重過熱或乖離過高,T+1開盤進場，若跳空開高>2.5%放棄；觸及停損價無條件執行
6488,環球晶,⚠️ SELL,個股,上櫃普通股,65,1130.0,1018.04,1353.93,指標嚴重過熱或乖離過高,T+1開盤進場，若跳空開高>2.5%放棄；觸及停損價無條件執行
6492,生華科,⚠️ SELL,個股,上櫃普通股,20,33.9,32.91,35.87,跌破均線或RSI動能散失,T+1開盤進場，若跳空開高>2.5%放棄；觸及停損價無條件執行
6499,益安,⚠️ SELL,個股,上櫃普通股,50,80.6,76.79,88.23,指標嚴重過熱或乖離過高,T+1開盤進場，若跳空開高>2.5%放棄；觸及停損價無條件執行
6506,雙邦,🔥 BUY,個股,上櫃普通股,100,19.0,18.61,19.77,強勢突破20日高點且多頭排列,T+1開盤進場，若跳空開高>2.5%放棄；觸及停損價無條件執行
6496,科懋,⚠️ SELL,個股,上櫃普通股,35,23.85,22.96,25.64,跌破均線或RSI動能散失,T+1開盤進場，若跳空開高>2.5%放棄；觸及停損價無條件執行
6516,勤崴國際,⚠️ SELL,個股,上櫃普通股,30,56.7,54.85,60.41,跌破均線或RSI動能散失,T+1開盤進場，若跳空開高>2.5%放棄；觸及停損價無條件執行
6542,隆中,⚠️ SELL,個股,上櫃普通股,15,38.15,36.93,40.59,跌破均線或RSI動能散失,T+1開盤進場，若跳空開高>2.5%放棄；觸及停損價無條件執行
6561,是方,⚠️ SELL,個股,上櫃普通股,40,308.5,302.98,319.54,跌破均線或RSI動能散失,T+1開盤進場，若跳空開高>2.5%放棄；觸及停損價無條件執行
6568,宏觀,⚠️ SELL,個股,上櫃普通股,50,129.0,121.29,144.43,跌破均線或RSI動能散失,T+1開盤進場，若跳空開高>2.5%放棄；觸及停損價無條件執行
6570,維田,⚠️ SELL,個股,上櫃普通股,35,47.2,45.96,49.69,跌破均線或RSI動能散失,T+1開盤進場，若跳空開高>2.5%放棄；觸及停損價無條件執行
6584,南俊國際,⚠️ SELL,個股,上櫃普通股,25,531.0,503.68,585.64,跌破均線或RSI動能散失,T+1開盤進場，若跳空開高>2.5%放棄；觸及停損價無條件執行
6578,達邦蛋白,⚠️ SELL,個股,上櫃普通股,15,16.65,16.15,17.65,跌破均線或RSI動能散失,T+1開盤進場，若跳空開高>2.5%放棄；觸及停損價無條件執行
6576,逸達,⚠️ SELL,個股,上櫃普通股,25,78.2,76.67,81.26,跌破均線或RSI動能散失,T+1開盤進場，若跳空開高>2.5%放棄；觸及停損價無條件執行
6615,慧智,⚠️ SELL,個股,上櫃普通股,25,33.35,32.84,34.38,跌破均線或RSI動能散失,T+1開盤進場，若跳空開高>2.5%放棄；觸及停損價無條件執行
6604,儒億,⚠️ SELL,個股,上櫃普通股,15,25.3,23.71,28.47,跌破均線或RSI動能散失,T+1開盤進場，若跳空開高>2.5%放棄；觸及停損價無條件執行
6624,萬年清,⚠️ SELL,個股,上櫃普通股,50,38.35,36.36,42.34,跌破均線或RSI動能散失,T+1開盤進場，若跳空開高>2.5%放棄；觸及停損價無條件執行
6629,泰金-KY,⚠️ SELL,個股,上櫃普通股,25,101.0,98.2,106.59,跌破均線或RSI動能散失,T+1開盤進場，若跳空開高>2.5%放棄；觸及停損價無條件執行
6662,樂斯科,⚠️ SELL,個股,上櫃普通股,20,28.5,27.94,29.61,跌破均線或RSI動能散失,T+1開盤進場，若跳空開高>2.5%放棄；觸及停損價無條件執行
6667,信紘科,⚠️ SELL,個股,上櫃普通股,75,283.0,268.0,313.0,指標嚴重過熱或乖離過高,T+1開盤進場，若跳空開高>2.5%放棄；觸及停損價無條件執行
6679,鈺太,⚠️ SELL,個股,上櫃普通股,10,196.5,190.02,209.46,跌破均線或RSI動能散失,T+1開盤進場，若跳空開高>2.5%放棄；觸及停損價無條件執行
6680,鑫創電子,⚠️ SELL,個股,上櫃普通股,25,50.1,48.94,52.41,跌破均線或RSI動能散失,T+1開盤進場，若跳空開高>2.5%放棄；觸及停損價無條件執行
6692,進能服,⚠️ SELL,個股,上櫃普通股,20,22.8,21.61,25.18,跌破均線或RSI動能散失,T+1開盤進場，若跳空開高>2.5%放棄；觸及停損價無條件執行
6703,軒郁,⚠️ SELL,個股,上櫃普通股,15,99.9,98.63,102.45,跌破均線或RSI動能散失,T+1開盤進場，若跳空開高>2.5%放棄；觸及停損價無條件執行
6708,天擎,⚠️ SELL,個股,上櫃普通股,45,69.2,63.6,80.41,指標嚴重過熱或乖離過高,T+1開盤進場，若跳空開高>2.5%放棄；觸及停損價無條件執行
6716,應廣,⚠️ SELL,個股,上櫃普通股,50,138.5,127.79,159.93,指標嚴重過熱或乖離過高,T+1開盤進場，若跳空開高>2.5%放棄；觸及停損價無條件執行
6720,久昌,⚠️ SELL,個股,上櫃普通股,40,117.0,112.55,125.89,跌破均線或RSI動能散失,T+1開盤進場，若跳空開高>2.5%放棄；觸及停損價無條件執行
6721,信實,⚠️ SELL,個股,上櫃普通股,30,48.5,47.85,49.8,跌破均線或RSI動能散失,T+1開盤進場，若跳空開高>2.5%放棄；觸及停損價無條件執行
6725,矽科宏晟,⚠️ SELL,個股,上櫃普通股,35,213.5,204.71,231.07,跌破均線或RSI動能散失,T+1開盤進場，若跳空開高>2.5%放棄；觸及停損價無條件執行
6733,博晟生醫,⚠️ SELL,個股,上櫃普通股,30,24.9,24.3,26.1,跌破均線或RSI動能散失,T+1開盤進場，若跳空開高>2.5%放棄；觸及停損價無條件執行
6751,智聯服務,⚠️ SELL,個股,上櫃普通股,40,51.4,49.8,54.59,指標嚴重過熱或乖離過高,T+1開盤進場，若跳空開高>2.5%放棄；觸及停損價無條件執行
6735,美達科技,⚠️ SELL,個股,上櫃普通股,25,62.6,58.84,70.12,跌破均線或RSI動能散失,T+1開盤進場，若跳空開高>2.5%放棄；觸及停損價無條件執行
6741,91APP*-KY,⚠️ SELL,個股,上櫃普通股,40,54.2,52.64,57.33,跌破均線或RSI動能散失,T+1開盤進場，若跳空開高>2.5%放棄；觸及停損價無條件執行
6762,達亞,⚠️ SELL,個股,上櫃普通股,25,156.0,153.54,160.93,跌破均線或RSI動能散失,T+1開盤進場，若跳空開高>2.5%放棄；觸及停損價無條件執行
6767,台微醫,⚠️ SELL,個股,上櫃普通股,50,24.5,23.16,27.19,跌破均線或RSI動能散失,T+1開盤進場，若跳空開高>2.5%放棄；觸及停損價無條件執行
6785,昱展新藥,⚠️ SELL,個股,上櫃普通股,25,88.1,83.01,98.28,跌破均線或RSI動能散失,T+1開盤進場，若跳空開高>2.5%放棄；觸及停損價無條件執行
6791,虎門科技,⚠️ SELL,個股,上櫃普通股,50,99.3,97.09,103.71,跌破均線或RSI動能散失,T+1開盤進場，若跳空開高>2.5%放棄；觸及停損價無條件執行
6803,崑鼎,⚠️ SELL,個股,上櫃普通股,35,265.0,262.27,270.46,跌破均線或RSI動能散失,T+1開盤進場，若跳空開高>2.5%放棄；觸及停損價無條件執行
6811,宏碁資訊,⚠️ SELL,個股,上櫃普通股,55,281.0,264.71,313.57,指標嚴重過熱或乖離過高,T+1開盤進場，若跳空開高>2.5%放棄；觸及停損價無條件執行
6788,華景電,⚠️ SELL,個股,上櫃普通股,45,375.5,355.14,416.21,指標嚴重過熱或乖離過高,T+1開盤進場，若跳空開高>2.5%放棄；觸及停損價無條件執行
6843,進典,⚠️ SELL,個股,上櫃普通股,30,38.0,36.89,40.23,跌破均線或RSI動能散失,T+1開盤進場，若跳空開高>2.5%放棄；觸及停損價無條件執行
6823,濾能,⚠️ SELL,個股,上櫃普通股,25,59.7,57.14,64.82,跌破均線或RSI動能散失,T+1開盤進場，若跳空開高>2.5%放棄；觸及停損價無條件執行
6844,諾貝兒,⚠️ SELL,個股,上櫃普通股,40,56.1,54.81,58.67,跌破均線或RSI動能散失,T+1開盤進場，若跳空開高>2.5%放棄；觸及停損價無條件執行
6846,綠茵,⚠️ SELL,個股,上櫃普通股,50,58.3,56.93,61.04,跌破均線或RSI動能散失,T+1開盤進場，若跳空開高>2.5%放棄；觸及停損價無條件執行
6855,數泓科,⚠️ SELL,個股,上櫃普通股,30,111.5,108.12,118.25,跌破均線或RSI動能散失,T+1開盤進場，若跳空開高>2.5%放棄；觸及停損價無條件執行
6856,鑫傳,⚠️ SELL,個股,上櫃普通股,50,41.05,39.35,44.46,跌破均線或RSI動能散失,T+1開盤進場，若跳空開高>2.5%放棄；觸及停損價無條件執行
6875,國邑*,⚠️ SELL,個股,上櫃普通股,25,27.0,24.78,31.44,跌破均線或RSI動能散失,T+1開盤進場，若跳空開高>2.5%放棄；觸及停損價無條件執行
6907,雅特力-KY,⚠️ SELL,個股,上櫃普通股,15,182.5,170.23,207.04,跌破均線或RSI動能散失,T+1開盤進場，若跳空開高>2.5%放棄；觸及停損價無條件執行
6925,意藍,⚠️ SELL,個股,上櫃普通股,40,71.3,63.8,86.3,指標嚴重過熱或乖離過高,T+1開盤進場，若跳空開高>2.5%放棄；觸及停損價無條件執行
6961,旅天下,⚠️ SELL,個股,上櫃普通股,25,45.6,44.7,47.4,跌破均線或RSI動能散失,T+1開盤進場，若跳空開高>2.5%放棄；觸及停損價無條件執行
6968,萬達寵物,⚠️ SELL,個股,上櫃普通股,35,41.3,40.77,42.35,跌破均線或RSI動能散失,T+1開盤進場，若跳空開高>2.5%放棄；觸及停損價無條件執行
6996,力領科技,⚠️ SELL,個股,上櫃普通股,25,166.0,162.3,173.39,跌破均線或RSI動能散失,T+1開盤進場，若跳空開高>2.5%放棄；觸及停損價無條件執行
6997,博弘,⚠️ SELL,個股,上櫃普通股,35,66.7,64.03,72.04,跌破均線或RSI動能散失,T+1開盤進場，若跳空開高>2.5%放棄；觸及停損價無條件執行
7402,邑錡,⚠️ SELL,個股,上櫃普通股,25,99.2,96.4,104.79,跌破均線或RSI動能散失,T+1開盤進場，若跳空開高>2.5%放棄；觸及停損價無條件執行
7556,意德士科技,⚠️ SELL,個股,上櫃普通股,65,290.0,270.12,329.75,指標嚴重過熱或乖離過高,T+1開盤進場，若跳空開高>2.5%放棄；觸及停損價無條件執行
7642,昶瑞機電,⚠️ SELL,個股,上櫃普通股,40,65.9,62.41,72.89,跌破均線或RSI動能散失,T+1開盤進場，若跳空開高>2.5%放棄；觸及停損價無條件執行
7712,博盛半導體,⚠️ SELL,個股,上櫃普通股,55,173.5,162.89,194.71,指標嚴重過熱或乖離過高,T+1開盤進場，若跳空開高>2.5%放棄；觸及停損價無條件執行
7715,裕山,⚠️ SELL,個股,上櫃普通股,15,26.55,25.15,29.36,跌破均線或RSI動能散失,T+1開盤進場，若跳空開高>2.5%放棄；觸及停損價無條件執行
7718,友鋮,⚠️ SELL,個股,上櫃普通股,40,45.9,45.2,47.29,跌破均線或RSI動能散失,T+1開盤進場，若跳空開高>2.5%放棄；觸及停損價無條件執行
7723,築間,⚠️ SELL,個股,上櫃普通股,65,22.3,21.41,24.09,指標嚴重過熱或乖離過高,T+1開盤進場，若跳空開高>2.5%放棄；觸及停損價無條件執行
7747,昕奇雲端,⚠️ SELL,個股,上櫃普通股,50,111.0,109.02,114.96,跌破均線或RSI動能散失,T+1開盤進場，若跳空開高>2.5%放棄；觸及停損價無條件執行
7753,星亞,⚠️ SELL,個股,上櫃普通股,30,35.7,35.05,37.0,跌破均線或RSI動能散失,T+1開盤進場，若跳空開高>2.5%放棄；觸及停損價無條件執行
7757,金色三麥,⚠️ SELL,個股,上櫃普通股,35,88.9,86.19,94.32,跌破均線或RSI動能散失,T+1開盤進場，若跳空開高>2.5%放棄；觸及停損價無條件執行
7767,仁大資訊,⚠️ SELL,個股,上櫃普通股,25,45.35,44.82,46.4,跌破均線或RSI動能散失,T+1開盤進場，若跳空開高>2.5%放棄；觸及停損價無條件執行
7782,光速火箭,⚠️ SELL,個股,上櫃普通股,35,25.1,24.41,26.47,跌破均線或RSI動能散失,T+1開盤進場，若跳空開高>2.5%放棄；觸及停損價無條件執行
7792,安葆,⚠️ SELL,個股,上櫃普通股,60,403.5,363.54,483.43,指標嚴重過熱或乖離過高,T+1開盤進場，若跳空開高>2.5%放棄；觸及停損價無條件執行
7819,精誠金融,⚠️ SELL,個股,上櫃普通股,35,32.95,32.51,33.84,跌破均線或RSI動能散失,T+1開盤進場，若跳空開高>2.5%放棄；觸及停損價無條件執行
8024,佑華,⚠️ SELL,個股,上櫃普通股,40,12.35,11.61,13.83,跌破均線或RSI動能散失,T+1開盤進場，若跳空開高>2.5%放棄；觸及停損價無條件執行
8038,長園科,⚠️ SELL,個股,上櫃普通股,80,36.2,34.33,39.95,指標嚴重過熱或乖離過高,T+1開盤進場，若跳空開高>2.5%放棄；觸及停損價無條件執行
8042,金山電,⚠️ SELL,個股,上櫃普通股,90,138.5,128.12,159.26,指標嚴重過熱或乖離過高,T+1開盤進場，若跳空開高>2.5%放棄；觸及停損價無條件執行
8043,蜜望實,⚠️ SELL,個股,上櫃普通股,60,146.5,137.07,165.36,指標嚴重過熱或乖離過高,T+1開盤進場，若跳空開高>2.5%放棄；觸及停損價無條件執行
8049,晶采,⚠️ SELL,個股,上櫃普通股,20,24.45,24.09,25.17,跌破均線或RSI動能散失,T+1開盤進場，若跳空開高>2.5%放棄；觸及停損價無條件執行
8054,安國,⚠️ SELL,個股,上櫃普通股,15,81.0,76.53,89.94,跌破均線或RSI動能散失,T+1開盤進場，若跳空開高>2.5%放棄；觸及停損價無條件執行
8059,凱碩,⚠️ SELL,個股,上櫃普通股,15,17.6,16.44,19.92,跌破均線或RSI動能散失,T+1開盤進場，若跳空開高>2.5%放棄；觸及停損價無條件執行
8067,志旭,⚠️ SELL,個股,上櫃普通股,25,11.5,10.85,12.8,跌破均線或RSI動能散失,T+1開盤進場，若跳空開高>2.5%放棄；觸及停損價無條件執行
8071,能率網通,⚠️ SELL,個股,上櫃普通股,30,21.75,20.95,23.36,跌破均線或RSI動能散失,T+1開盤進場，若跳空開高>2.5%放棄；觸及停損價無條件執行
8068,全達,⚠️ SELL,個股,上櫃普通股,50,18.75,17.71,20.83,指標嚴重過熱或乖離過高,T+1開盤進場，若跳空開高>2.5%放棄；觸及停損價無條件執行
8074,鉅橡,⚠️ SELL,個股,上櫃普通股,40,56.5,53.78,61.93,指標嚴重過熱或乖離過高,T+1開盤進場，若跳空開高>2.5%放棄；觸及停損價無條件執行
8069,元太,⚠️ SELL,個股,上櫃普通股,15,144.0,137.79,156.43,跌破均線或RSI動能散失,T+1開盤進場，若跳空開高>2.5%放棄；觸及停損價無條件執行
8076,伍豐,⚠️ SELL,個股,上櫃普通股,10,21.4,20.9,22.41,跌破均線或RSI動能散失,T+1開盤進場，若跳空開高>2.5%放棄；觸及停損價無條件執行
8077,洛碁,⚠️ SELL,個股,上櫃普通股,30,41.3,40.54,42.81,跌破均線或RSI動能散失,T+1開盤進場，若跳空開高>2.5%放棄；觸及停損價無條件執行
8084,巨虹,⚠️ SELL,個股,上櫃普通股,25,14.4,11.12,20.96,跌破均線或RSI動能散失,T+1開盤進場，若跳空開高>2.5%放棄；觸及停損價無條件執行
8087,麗升能源,⚠️ SELL,個股,上櫃普通股,35,22.85,21.48,25.59,跌破均線或RSI動能散失,T+1開盤進場，若跳空開高>2.5%放棄；觸及停損價無條件執行
8086,宏捷科,⚠️ SELL,個股,上櫃普通股,60,154.0,145.0,172.0,指標嚴重過熱或乖離過高,T+1開盤進場，若跳空開高>2.5%放棄；觸及停損價無條件執行
8097,常珵,⚠️ SELL,個股,上櫃普通股,25,48.2,46.52,51.56,跌破均線或RSI動能散失,T+1開盤進場，若跳空開高>2.5%放棄；觸及停損價無條件執行
8102,傑霖科技,⚠️ SELL,個股,上櫃普通股,15,60.5,58.13,65.24,跌破均線或RSI動能散失,T+1開盤進場，若跳空開高>2.5%放棄；觸及停損價無條件執行
8111,立碁,⚠️ SELL,個股,上櫃普通股,40,93.7,85.82,109.45,指標嚴重過熱或乖離過高,T+1開盤進場，若跳空開高>2.5%放棄；觸及停損價無條件執行
8121,越峰,⚠️ SELL,個股,上櫃普通股,55,34.4,31.69,39.82,指標嚴重過熱或乖離過高,T+1開盤進場，若跳空開高>2.5%放棄；觸及停損價無條件執行
8176,智捷,⚠️ SELL,個股,上櫃普通股,40,9.65,9.41,10.13,跌破均線或RSI動能散失,T+1開盤進場，若跳空開高>2.5%放棄；觸及停損價無條件執行
8182,加高,⚠️ SELL,個股,上櫃普通股,75,45.7,42.13,52.84,指標嚴重過熱或乖離過高,T+1開盤進場，若跳空開高>2.5%放棄；觸及停損價無條件執行
8227,巨有科技,⚠️ SELL,個股,上櫃普通股,50,335.0,298.73,407.54,指標嚴重過熱或乖離過高,T+1開盤進場，若跳空開高>2.5%放棄；觸及停損價無條件執行
8272,全景軟體,⚠️ SELL,個股,上櫃普通股,35,60.6,58.44,64.93,跌破均線或RSI動能散失,T+1開盤進場，若跳空開高>2.5%放棄；觸及停損價無條件執行
8277,商丞,⚠️ SELL,個股,上櫃普通股,35,15.45,14.42,17.51,跌破均線或RSI動能散失,T+1開盤進場，若跳空開高>2.5%放棄；觸及停損價無條件執行
8289,泰藝,⚠️ SELL,個股,上櫃普通股,60,60.9,56.27,70.17,指標嚴重過熱或乖離過高,T+1開盤進場，若跳空開高>2.5%放棄；觸及停損價無條件執行
8291,尚茂,⚠️ SELL,個股,上櫃普通股,10,27.3,25.59,30.72,跌破均線或RSI動能散失,T+1開盤進場，若跳空開高>2.5%放棄；觸及停損價無條件執行
8390,金益鼎,⚠️ SELL,個股,上櫃普通股,15,90.9,88.39,95.91,跌破均線或RSI動能散失,T+1開盤進場，若跳空開高>2.5%放棄；觸及停損價無條件執行
8409,商之器,⚠️ SELL,個股,上櫃普通股,20,17.9,17.77,18.17,跌破均線或RSI動能散失,T+1開盤進場，若跳空開高>2.5%放棄；觸及停損價無條件執行
8410,森田,⚠️ SELL,個股,上櫃普通股,50,26.45,25.68,27.99,跌破均線或RSI動能散失,T+1開盤進場，若跳空開高>2.5%放棄；觸及停損價無條件執行
8401,白紗科,⚠️ SELL,個股,上櫃普通股,30,22.7,22.37,23.35,跌破均線或RSI動能散失,T+1開盤進場，若跳空開高>2.5%放棄；觸及停損價無條件執行
8415,大國鋼,⚠️ SELL,個股,上櫃普通股,15,35.2,34.5,36.59,跌破均線或RSI動能散失,T+1開盤進場，若跳空開高>2.5%放棄；觸及停損價無條件執行
8426,紅木-KY,⚠️ SELL,個股,上櫃普通股,25,20.6,20.01,21.78,跌破均線或RSI動能散失,T+1開盤進場，若跳空開高>2.5%放棄；觸及停損價無條件執行
8433,弘帆,⚠️ SELL,個股,上櫃普通股,35,52.5,51.99,53.53,跌破均線或RSI動能散失,T+1開盤進場，若跳空開高>2.5%放棄；觸及停損價無條件執行
8435,鉅邁,⚠️ SELL,個股,上櫃普通股,35,52.7,52.25,53.6,跌破均線或RSI動能散失,T+1開盤進場，若跳空開高>2.5%放棄；觸及停損價無條件執行
8436,大江,⚠️ SELL,個股,上櫃普通股,15,103.0,100.16,108.68,跌破均線或RSI動能散失,T+1開盤進場，若跳空開高>2.5%放棄；觸及停損價無條件執行
8444,綠河-KY,⚠️ SELL,個股,上櫃普通股,50,3.49,3.18,4.12,跌破均線或RSI動能散失,T+1開盤進場，若跳空開高>2.5%放棄；觸及停損價無條件執行
8450,霹靂,⚠️ SELL,個股,上櫃普通股,35,14.1,13.71,14.87,跌破均線或RSI動能散失,T+1開盤進場，若跳空開高>2.5%放棄；觸及停損價無條件執行
8477,創業家,⚠️ SELL,個股,上櫃普通股,40,13.5,13.07,14.36,跌破均線或RSI動能散失,T+1開盤進場，若跳空開高>2.5%放棄；觸及停損價無條件執行
8489,三貝德,⚠️ SELL,個股,上櫃普通股,35,21.9,20.98,23.74,跌破均線或RSI動能散失,T+1開盤進場，若跳空開高>2.5%放棄；觸及停損價無條件執行
8924,大田,⚠️ SELL,個股,上櫃普通股,25,49.3,48.47,50.95,跌破均線或RSI動能散失,T+1開盤進場，若跳空開高>2.5%放棄；觸及停損價無條件執行
8927,北基,⚠️ SELL,個股,上櫃普通股,15,18.25,17.62,19.51,跌破均線或RSI動能散失,T+1開盤進場，若跳空開高>2.5%放棄；觸及停損價無條件執行
8928,鉅明,⚠️ SELL,個股,上櫃普通股,40,22.25,21.58,23.59,跌破均線或RSI動能散失,T+1開盤進場，若跳空開高>2.5%放棄；觸及停損價無條件執行
8930,青鋼,⚠️ SELL,個股,上櫃普通股,25,28.0,27.54,28.92,跌破均線或RSI動能散失,T+1開盤進場，若跳空開高>2.5%放棄；觸及停損價無條件執行
8929,富堡,⚠️ SELL,個股,上櫃普通股,35,12.75,12.53,13.19,跌破均線或RSI動能散失,T+1開盤進場，若跳空開高>2.5%放棄；觸及停損價無條件執行
8933,愛地雅,⚠️ SELL,個股,上櫃普通股,20,4.45,4.21,4.93,跌破均線或RSI動能散失,T+1開盤進場，若跳空開高>2.5%放棄；觸及停損價無條件執行
8938,明安,⚠️ SELL,個股,上櫃普通股,30,51.9,50.63,54.45,跌破均線或RSI動能散失,T+1開盤進場，若跳空開高>2.5%放棄；觸及停損價無條件執行
8936,國統,🔥 BUY,個股,上櫃普通股,100,54.0,52.88,56.25,強勢突破20日高點且多頭排列,T+1開盤進場，若跳空開高>2.5%放棄；觸及停損價無條件執行
9951,皇田,⚠️ SELL,個股,上櫃普通股,35,47.1,46.43,48.44,跌破均線或RSI動能散失,T+1開盤進場，若跳空開高>2.5%放棄；觸及停損價無條件執行
9960,邁達康,⚠️ SELL,個股,上櫃普通股,40,38.45,35.21,44.93,指標嚴重過熱或乖離過高,T+1開盤進場，若跳空開高>2.5%放棄；觸及停損價無條件執行
00733,富邦臺灣中小,⚠️ SELL,ETF,中小型股,60,78.35,76.07,82.91,指標嚴重過熱或乖離過高,T+1開盤進場，若跳空開高>2.5%放棄；觸及停損價無條件執行
